INSERT INTO OrdenTrabajo([idOrdenTrabajo],[descripcion],[estado_del_vehiculo],[objetosPersonales],[fecha_Inicio],[fecha_Fin],[reparacionesEfectuadas],[reparacionesNoEfectuadas],[comentarios],[Cotizacion_idCotizacion],[Cliente_idCLiente],[ListaMyR_idListaMyR],[EstadoOT_idEstadoOT],[Vehiculos_idVehiculos]) VALUES(1,'accumsan convallis, ante lectus','Donec tempor, est ac','Etiam gravida molestie arcu.','10-03-19','17-05-20','vitae sodales nisi magna','sem semper erat, in','semper egestas, urna justo',1,1,1,1,1);
INSERT INTO OrdenTrabajo([idOrdenTrabajo],[descripcion],[estado_del_vehiculo],[objetosPersonales],[fecha_Inicio],[fecha_Fin],[reparacionesEfectuadas],[reparacionesNoEfectuadas],[comentarios],[Cotizacion_idCotizacion],[Cliente_idCLiente],[ListaMyR_idListaMyR],[EstadoOT_idEstadoOT],[Vehiculos_idVehiculos]) VALUES(2,'felis ullamcorper viverra. Maecenas','risus. Donec egestas. Aliquam','magnis dis parturient montes,','18-12-20','03-06-19','sed consequat auctor, nunc','massa. Integer vitae nibh.','Proin non massa non',2,2,2,2,2);
INSERT INTO OrdenTrabajo([idOrdenTrabajo],[descripcion],[estado_del_vehiculo],[objetosPersonales],[fecha_Inicio],[fecha_Fin],[reparacionesEfectuadas],[reparacionesNoEfectuadas],[comentarios],[Cotizacion_idCotizacion],[Cliente_idCLiente],[ListaMyR_idListaMyR],[EstadoOT_idEstadoOT],[Vehiculos_idVehiculos]) VALUES(3,'suscipit, est ac facilisis','eget nisi dictum augue','interdum enim non nisi.','13-06-19','22-03-19','nec ante blandit viverra.','eget ipsum. Suspendisse sagittis.','sem egestas blandit. Nam',3,3,3,3,3);
INSERT INTO OrdenTrabajo([idOrdenTrabajo],[descripcion],[estado_del_vehiculo],[objetosPersonales],[fecha_Inicio],[fecha_Fin],[reparacionesEfectuadas],[reparacionesNoEfectuadas],[comentarios],[Cotizacion_idCotizacion],[Cliente_idCLiente],[ListaMyR_idListaMyR],[EstadoOT_idEstadoOT],[Vehiculos_idVehiculos]) VALUES(4,'sagittis felis. Donec tempor,','Nulla tempor augue ac','pellentesque, tellus sem mollis','26-01-20','21-02-20','at risus. Nunc ac','malesuada id, erat. Etiam','vel lectus. Cum sociis',4,4,4,4,4);
INSERT INTO OrdenTrabajo([idOrdenTrabajo],[descripcion],[estado_del_vehiculo],[objetosPersonales],[fecha_Inicio],[fecha_Fin],[reparacionesEfectuadas],[reparacionesNoEfectuadas],[comentarios],[Cotizacion_idCotizacion],[Cliente_idCLiente],[ListaMyR_idListaMyR],[EstadoOT_idEstadoOT],[Vehiculos_idVehiculos]) VALUES(5,'non, bibendum sed, est.','mollis. Integer tincidunt aliquam','scelerisque mollis. Phasellus libero','23-01-21','01-10-20','eget metus eu erat','pede blandit congue. In','penatibus et magnis dis',5,5,5,5,5);
INSERT INTO OrdenTrabajo([idOrdenTrabajo],[descripcion],[estado_del_vehiculo],[objetosPersonales],[fecha_Inicio],[fecha_Fin],[reparacionesEfectuadas],[reparacionesNoEfectuadas],[comentarios],[Cotizacion_idCotizacion],[Cliente_idCLiente],[ListaMyR_idListaMyR],[EstadoOT_idEstadoOT],[Vehiculos_idVehiculos]) VALUES(6,'amet ultricies sem magna','amet ante. Vivamus non','aliquet odio. Etiam ligula','02-07-19','02-02-21','eros. Nam consequat dolor','varius orci, in consequat','Nunc ac sem ut',6,6,6,6,6);
INSERT INTO OrdenTrabajo([idOrdenTrabajo],[descripcion],[estado_del_vehiculo],[objetosPersonales],[fecha_Inicio],[fecha_Fin],[reparacionesEfectuadas],[reparacionesNoEfectuadas],[comentarios],[Cotizacion_idCotizacion],[Cliente_idCLiente],[ListaMyR_idListaMyR],[EstadoOT_idEstadoOT],[Vehiculos_idVehiculos]) VALUES(7,'luctus et ultrices posuere','felis. Donec tempor, est','quam. Curabitur vel lectus.','27-05-20','06-06-19','interdum ligula eu enim.','habitant morbi tristique senectus','nec quam. Curabitur vel',7,7,7,7,7);
INSERT INTO OrdenTrabajo([idOrdenTrabajo],[descripcion],[estado_del_vehiculo],[objetosPersonales],[fecha_Inicio],[fecha_Fin],[reparacionesEfectuadas],[reparacionesNoEfectuadas],[comentarios],[Cotizacion_idCotizacion],[Cliente_idCLiente],[ListaMyR_idListaMyR],[EstadoOT_idEstadoOT],[Vehiculos_idVehiculos]) VALUES(8,'mi enim, condimentum eget,','justo faucibus lectus, a','elit, pharetra ut, pharetra','13-06-19','19-12-20','penatibus et magnis dis','Sed nec metus facilisis','quam dignissim pharetra. Nam',8,8,8,8,8);
INSERT INTO OrdenTrabajo([idOrdenTrabajo],[descripcion],[estado_del_vehiculo],[objetosPersonales],[fecha_Inicio],[fecha_Fin],[reparacionesEfectuadas],[reparacionesNoEfectuadas],[comentarios],[Cotizacion_idCotizacion],[Cliente_idCLiente],[ListaMyR_idListaMyR],[EstadoOT_idEstadoOT],[Vehiculos_idVehiculos]) VALUES(9,'mi pede, nonummy ut,','nibh. Phasellus nulla. Integer','rhoncus. Donec est. Nunc','18-05-19','05-09-19','porttitor eros nec tellus.','id, ante. Nunc mauris','sed, facilisis vitae, orci.',9,9,9,9,9);
INSERT INTO OrdenTrabajo([idOrdenTrabajo],[descripcion],[estado_del_vehiculo],[objetosPersonales],[fecha_Inicio],[fecha_Fin],[reparacionesEfectuadas],[reparacionesNoEfectuadas],[comentarios],[Cotizacion_idCotizacion],[Cliente_idCLiente],[ListaMyR_idListaMyR],[EstadoOT_idEstadoOT],[Vehiculos_idVehiculos]) VALUES(10,'dictum ultricies ligula. Nullam','vitae, posuere at, velit.','neque pellentesque massa lobortis','27-04-20','22-10-20','lacus. Etiam bibendum fermentum','risus a ultricies adipiscing,','arcu. Vivamus sit amet',10,10,10,10,10);


INSERT INTO EstadoOT([idEstadoOT],[descripcion]) VALUES(1,'Creando Orden de Trabajo');
INSERT INTO EstadoOT([idEstadoOT],[descripcion]) VALUES(2,'Revision del vehiculo');
INSERT INTO EstadoOT([idEstadoOT],[descripcion]) VALUES(3,'Contratar servicios');
INSERT INTO EstadoOT([idEstadoOT],[descripcion]) VALUES(4,'Cotizar repuestos');
INSERT INTO EstadoOT([idEstadoOT],[descripcion]) VALUES(5,'Aprobar cotizacion Cliente');
INSERT INTO EstadoOT([idEstadoOT],[descripcion]) VALUES(6,'Aprobar cotizacion JefeTaller');
INSERT INTO EstadoOT([idEstadoOT],[descripcion]) VALUES(7,'Generar lista de materiales');
INSERT INTO EstadoOT([idEstadoOT],[descripcion]) VALUES(8,'Aprobar lista de materiales');
INSERT INTO EstadoOT([idEstadoOT],[descripcion]) VALUES(9,'Rebajar productos del inventario');
INSERT INTO EstadoOT([idEstadoOT],[descripcion]) VALUES(10,'Finalizar mantenimiento');
INSERT INTO EstadoOT([idEstadoOT],[descripcion]) VALUES(11,'Aprobar control de calidad');
INSERT INTO EstadoOT([idEstadoOT],[descripcion]) VALUES(12,'Crear lista de sugerencias');
INSERT INTO EstadoOT([idEstadoOT],[descripcion]) VALUES(13,'Orden de Trabajo finalizada');


INSERT INTO Orden_de_Trabajo_has_Servicios([Orden_de_Trabajo_idOrden_de_Trabajo],[Servicios_idServicios],[Servicio_Efectuado]) VALUES(1,1,'false');
INSERT INTO Orden_de_Trabajo_has_Servicios([Orden_de_Trabajo_idOrden_de_Trabajo],[Servicios_idServicios],[Servicio_Efectuado]) VALUES(2,2,'false');
INSERT INTO Orden_de_Trabajo_has_Servicios([Orden_de_Trabajo_idOrden_de_Trabajo],[Servicios_idServicios],[Servicio_Efectuado]) VALUES(3,3,'true');
INSERT INTO Orden_de_Trabajo_has_Servicios([Orden_de_Trabajo_idOrden_de_Trabajo],[Servicios_idServicios],[Servicio_Efectuado]) VALUES(4,4,'true');
INSERT INTO Orden_de_Trabajo_has_Servicios([Orden_de_Trabajo_idOrden_de_Trabajo],[Servicios_idServicios],[Servicio_Efectuado]) VALUES(5,5,'true');
INSERT INTO Orden_de_Trabajo_has_Servicios([Orden_de_Trabajo_idOrden_de_Trabajo],[Servicios_idServicios],[Servicio_Efectuado]) VALUES(6,6,'false');
INSERT INTO Orden_de_Trabajo_has_Servicios([Orden_de_Trabajo_idOrden_de_Trabajo],[Servicios_idServicios],[Servicio_Efectuado]) VALUES(7,7,'true');
INSERT INTO Orden_de_Trabajo_has_Servicios([Orden_de_Trabajo_idOrden_de_Trabajo],[Servicios_idServicios],[Servicio_Efectuado]) VALUES(8,8,'true');
INSERT INTO Orden_de_Trabajo_has_Servicios([Orden_de_Trabajo_idOrden_de_Trabajo],[Servicios_idServicios],[Servicio_Efectuado]) VALUES(9,9,'true');
INSERT INTO Orden_de_Trabajo_has_Servicios([Orden_de_Trabajo_idOrden_de_Trabajo],[Servicios_idServicios],[Servicio_Efectuado]) VALUES(10,10,'true');


INSERT INTO Servicios([idServicios],[nombre],[precioCosto],[duracion]) VALUES(1,'Praesent eu dui. Cum',220,'04:18:45');
INSERT INTO Servicios([idServicios],[nombre],[precioCosto],[duracion]) VALUES(2,'malesuada ut, sem. Nulla',651,'03:59:53');
INSERT INTO Servicios([idServicios],[nombre],[precioCosto],[duracion]) VALUES(3,'Aliquam adipiscing lobortis risus.',418,'02:58:05');
INSERT INTO Servicios([idServicios],[nombre],[precioCosto],[duracion]) VALUES(4,'odio tristique pharetra. Quisque',874,'02:13:54');
INSERT INTO Servicios([idServicios],[nombre],[precioCosto],[duracion]) VALUES(5,'morbi tristique senectus et',486,'22:27:54');
INSERT INTO Servicios([idServicios],[nombre],[precioCosto],[duracion]) VALUES(6,'Donec egestas. Duis ac',502,'06:35:31');
INSERT INTO Servicios([idServicios],[nombre],[precioCosto],[duracion]) VALUES(7,'eleifend non, dapibus rutrum,',754,'02:30:54');
INSERT INTO Servicios([idServicios],[nombre],[precioCosto],[duracion]) VALUES(8,'ac mi eleifend egestas.',245,'16:30:13');
INSERT INTO Servicios([idServicios],[nombre],[precioCosto],[duracion]) VALUES(9,'non enim. Mauris quis',479,'03:34:59');
INSERT INTO Servicios([idServicios],[nombre],[precioCosto],[duracion]) VALUES(10,'Etiam laoreet, libero et',802,'02:53:56');


INSERT INTO Lista_MyR([idLista_MyR],[descripcion]) VALUES(1,'Mauris nulla. Integer urna.');
INSERT INTO Lista_MyR([idLista_MyR],[descripcion]) VALUES(2,'turpis egestas. Aliquam fringilla');
INSERT INTO Lista_MyR([idLista_MyR],[descripcion]) VALUES(3,'a, scelerisque sed, sapien.');
INSERT INTO Lista_MyR([idLista_MyR],[descripcion]) VALUES(4,'Mauris eu turpis. Nulla');
INSERT INTO Lista_MyR([idLista_MyR],[descripcion]) VALUES(5,'ut odio vel est');
INSERT INTO Lista_MyR([idLista_MyR],[descripcion]) VALUES(6,'feugiat. Sed nec metus');
INSERT INTO Lista_MyR([idLista_MyR],[descripcion]) VALUES(7,'Curabitur ut odio vel');
INSERT INTO Lista_MyR([idLista_MyR],[descripcion]) VALUES(8,'tincidunt aliquam arcu. Aliquam');
INSERT INTO Lista_MyR([idLista_MyR],[descripcion]) VALUES(9,'dictum placerat, augue. Sed');
INSERT INTO Lista_MyR([idLista_MyR],[descripcion]) VALUES(10,'ipsum. Suspendisse non leo.');


INSERT INTO Inventario_has_Lista_MyR([idInventario_has_Lista_MyR],[Lista_MyR_idLista_MyR],[Producto_idProducto],[Rebajados_del_Inventario]) VALUES(1,1,1,'true');
INSERT INTO Inventario_has_Lista_MyR([idInventario_has_Lista_MyR],[Lista_MyR_idLista_MyR],[Producto_idProducto],[Rebajados_del_Inventario]) VALUES(2,2,2,'false');
INSERT INTO Inventario_has_Lista_MyR([idInventario_has_Lista_MyR],[Lista_MyR_idLista_MyR],[Producto_idProducto],[Rebajados_del_Inventario]) VALUES(3,3,3,'false');
INSERT INTO Inventario_has_Lista_MyR([idInventario_has_Lista_MyR],[Lista_MyR_idLista_MyR],[Producto_idProducto],[Rebajados_del_Inventario]) VALUES(4,4,4,'false');
INSERT INTO Inventario_has_Lista_MyR([idInventario_has_Lista_MyR],[Lista_MyR_idLista_MyR],[Producto_idProducto],[Rebajados_del_Inventario]) VALUES(5,5,5,'true');
INSERT INTO Inventario_has_Lista_MyR([idInventario_has_Lista_MyR],[Lista_MyR_idLista_MyR],[Producto_idProducto],[Rebajados_del_Inventario]) VALUES(6,6,6,'true');
INSERT INTO Inventario_has_Lista_MyR([idInventario_has_Lista_MyR],[Lista_MyR_idLista_MyR],[Producto_idProducto],[Rebajados_del_Inventario]) VALUES(7,7,7,'true');
INSERT INTO Inventario_has_Lista_MyR([idInventario_has_Lista_MyR],[Lista_MyR_idLista_MyR],[Producto_idProducto],[Rebajados_del_Inventario]) VALUES(8,8,8,'true');
INSERT INTO Inventario_has_Lista_MyR([idInventario_has_Lista_MyR],[Lista_MyR_idLista_MyR],[Producto_idProducto],[Rebajados_del_Inventario]) VALUES(9,9,9,'false');
INSERT INTO Inventario_has_Lista_MyR([idInventario_has_Lista_MyR],[Lista_MyR_idLista_MyR],[Producto_idProducto],[Rebajados_del_Inventario]) VALUES(10,10,10,'true');


INSERT INTO Herramientas([idHerramientas],[nombre],[precioCosto],[fechaIngreso],[Inventario_idInventario]) VALUES(1,'diam luctus lobortis. Class',351,'26-04-20',1);
INSERT INTO Herramientas([idHerramientas],[nombre],[precioCosto],[fechaIngreso],[Inventario_idInventario]) VALUES(2,'ornare, facilisis eget, ipsum.',152,'20-03-20',2);
INSERT INTO Herramientas([idHerramientas],[nombre],[precioCosto],[fechaIngreso],[Inventario_idInventario]) VALUES(3,'ut eros non enim',291,'30-05-19',3);
INSERT INTO Herramientas([idHerramientas],[nombre],[precioCosto],[fechaIngreso],[Inventario_idInventario]) VALUES(4,'magna sed dui. Fusce',411,'05-07-19',4);
INSERT INTO Herramientas([idHerramientas],[nombre],[precioCosto],[fechaIngreso],[Inventario_idInventario]) VALUES(5,'lectus. Nullam suscipit, est',23,'08-07-20',5);
INSERT INTO Herramientas([idHerramientas],[nombre],[precioCosto],[fechaIngreso],[Inventario_idInventario]) VALUES(6,'nunc nulla vulputate dui,',343,'22-04-20',6);
INSERT INTO Herramientas([idHerramientas],[nombre],[precioCosto],[fechaIngreso],[Inventario_idInventario]) VALUES(7,'posuere at, velit. Cras',850,'25-02-20',7);
INSERT INTO Herramientas([idHerramientas],[nombre],[precioCosto],[fechaIngreso],[Inventario_idInventario]) VALUES(8,'vestibulum nec, euismod in,',826,'21-01-20',8);
INSERT INTO Herramientas([idHerramientas],[nombre],[precioCosto],[fechaIngreso],[Inventario_idInventario]) VALUES(9,'semper erat, in consectetuer',676,'07-06-19',9);
INSERT INTO Herramientas([idHerramientas],[nombre],[precioCosto],[fechaIngreso],[Inventario_idInventario]) VALUES(10,'Fusce mollis. Duis sit',630,'26-05-20',10);


INSERT INTO Recambios([idRecambios],[descripcion],[Producto_idProducto]) VALUES(1,'Donec tempus, lorem fringilla',1);
INSERT INTO Recambios([idRecambios],[descripcion],[Producto_idProducto]) VALUES(2,'ante ipsum primis in',2);
INSERT INTO Recambios([idRecambios],[descripcion],[Producto_idProducto]) VALUES(3,'quis diam luctus lobortis.',3);
INSERT INTO Recambios([idRecambios],[descripcion],[Producto_idProducto]) VALUES(4,'Sed et libero. Proin',4);
INSERT INTO Recambios([idRecambios],[descripcion],[Producto_idProducto]) VALUES(5,'tortor. Nunc commodo auctor',5);
INSERT INTO Recambios([idRecambios],[descripcion],[Producto_idProducto]) VALUES(6,'eu tempor erat neque',6);
INSERT INTO Recambios([idRecambios],[descripcion],[Producto_idProducto]) VALUES(7,'enim commodo hendrerit. Donec',7);
INSERT INTO Recambios([idRecambios],[descripcion],[Producto_idProducto]) VALUES(8,'aliquet, sem ut cursus',8);
INSERT INTO Recambios([idRecambios],[descripcion],[Producto_idProducto]) VALUES(9,'elementum, dui quis accumsan',9);
INSERT INTO Recambios([idRecambios],[descripcion],[Producto_idProducto]) VALUES(10,'turpis vitae purus gravida',10);


INSERT INTO Materiales([idMateriales],[descripcion],[Producto_idProducto]) VALUES(1,'Duis cursus, diam at',1);
INSERT INTO Materiales([idMateriales],[descripcion],[Producto_idProducto]) VALUES(2,'Fusce fermentum fermentum arcu.',2);
INSERT INTO Materiales([idMateriales],[descripcion],[Producto_idProducto]) VALUES(3,'Aenean euismod mauris eu',3);
INSERT INTO Materiales([idMateriales],[descripcion],[Producto_idProducto]) VALUES(4,'Proin sed turpis nec',4);
INSERT INTO Materiales([idMateriales],[descripcion],[Producto_idProducto]) VALUES(5,'Sed id risus quis',5);
INSERT INTO Materiales([idMateriales],[descripcion],[Producto_idProducto]) VALUES(6,'vulputate velit eu sem.',6);
INSERT INTO Materiales([idMateriales],[descripcion],[Producto_idProducto]) VALUES(7,'Maecenas iaculis aliquet diam.',7);
INSERT INTO Materiales([idMateriales],[descripcion],[Producto_idProducto]) VALUES(8,'mattis semper, dui lectus',8);
INSERT INTO Materiales([idMateriales],[descripcion],[Producto_idProducto]) VALUES(9,'conubia nostra, per inceptos',9);
INSERT INTO Materiales([idMateriales],[descripcion],[Producto_idProducto]) VALUES(10,'elementum, dui quis accumsan',10);


INSERT INTO Producto([idProducto],[nombre],[precioVenta],[precioCompra],[FechaIngreso],[FechaVencimiento],[Inventario_idInventario]) VALUES(1,'penatibus et magnis dis',968,469,'02-05-19','20-08-20',1);
INSERT INTO Producto([idProducto],[nombre],[precioVenta],[precioCompra],[FechaIngreso],[FechaVencimiento],[Inventario_idInventario]) VALUES(2,'id sapien. Cras dolor',369,19,'18-08-19','19-07-19',2);
INSERT INTO Producto([idProducto],[nombre],[precioVenta],[precioCompra],[FechaIngreso],[FechaVencimiento],[Inventario_idInventario]) VALUES(3,'feugiat placerat velit. Quisque',669,862,'26-04-19','04-08-20',3);
INSERT INTO Producto([idProducto],[nombre],[precioVenta],[precioCompra],[FechaIngreso],[FechaVencimiento],[Inventario_idInventario]) VALUES(4,'aliquet diam. Sed diam',425,442,'01-05-19','06-06-20',4);
INSERT INTO Producto([idProducto],[nombre],[precioVenta],[precioCompra],[FechaIngreso],[FechaVencimiento],[Inventario_idInventario]) VALUES(5,'laoreet ipsum. Curabitur consequat,',217,909,'03-08-20','13-10-19',5);
INSERT INTO Producto([idProducto],[nombre],[precioVenta],[precioCompra],[FechaIngreso],[FechaVencimiento],[Inventario_idInventario]) VALUES(6,'commodo at, libero. Morbi',199,248,'03-03-20','05-06-20',6);
INSERT INTO Producto([idProducto],[nombre],[precioVenta],[precioCompra],[FechaIngreso],[FechaVencimiento],[Inventario_idInventario]) VALUES(7,'Curabitur sed tortor. Integer',232,405,'26-05-20','26-07-19',7);
INSERT INTO Producto([idProducto],[nombre],[precioVenta],[precioCompra],[FechaIngreso],[FechaVencimiento],[Inventario_idInventario]) VALUES(8,'dui lectus rutrum urna,',373,616,'22-08-20','24-12-19',8);
INSERT INTO Producto([idProducto],[nombre],[precioVenta],[precioCompra],[FechaIngreso],[FechaVencimiento],[Inventario_idInventario]) VALUES(9,'eu neque pellentesque massa',991,671,'10-09-19','27-06-20',9);
INSERT INTO Producto([idProducto],[nombre],[precioVenta],[precioCompra],[FechaIngreso],[FechaVencimiento],[Inventario_idInventario]) VALUES(10,'accumsan sed, facilisis vitae,',281,544,'13-02-20','07-06-19',10);
INSERT INTO Producto([idProducto],[nombre],[precioVenta],[precioCompra],[FechaIngreso],[FechaVencimiento],[Inventario_idInventario]) VALUES(11,'magna. Ut tincidunt orci',332,78,'13-02-19','07-01-20',11);
INSERT INTO Producto([idProducto],[nombre],[precioVenta],[precioCompra],[FechaIngreso],[FechaVencimiento],[Inventario_idInventario]) VALUES(12,'Quisque libero lacus, varius',571,558,'29-07-20','26-03-20',12);
INSERT INTO Producto([idProducto],[nombre],[precioVenta],[precioCompra],[FechaIngreso],[FechaVencimiento],[Inventario_idInventario]) VALUES(13,'placerat, augue. Sed molestie.',329,665,'30-07-20','24-02-20',13);
INSERT INTO Producto([idProducto],[nombre],[precioVenta],[precioCompra],[FechaIngreso],[FechaVencimiento],[Inventario_idInventario]) VALUES(14,'rutrum urna, nec luctus',747,898,'04-11-20','10-02-19',14);
INSERT INTO Producto([idProducto],[nombre],[precioVenta],[precioCompra],[FechaIngreso],[FechaVencimiento],[Inventario_idInventario]) VALUES(15,'orci. Phasellus dapibus quam',591,406,'23-09-20','09-04-19',15);
INSERT INTO Producto([idProducto],[nombre],[precioVenta],[precioCompra],[FechaIngreso],[FechaVencimiento],[Inventario_idInventario]) VALUES(16,'vestibulum, neque sed dictum',78,900,'06-09-20','10-01-20',16);
INSERT INTO Producto([idProducto],[nombre],[precioVenta],[precioCompra],[FechaIngreso],[FechaVencimiento],[Inventario_idInventario]) VALUES(17,'ut eros non enim',174,809,'29-05-19','30-07-20',17);
INSERT INTO Producto([idProducto],[nombre],[precioVenta],[precioCompra],[FechaIngreso],[FechaVencimiento],[Inventario_idInventario]) VALUES(18,'consequat, lectus sit amet',77,159,'15-08-20','10-11-19',18);
INSERT INTO Producto([idProducto],[nombre],[precioVenta],[precioCompra],[FechaIngreso],[FechaVencimiento],[Inventario_idInventario]) VALUES(19,'sit amet metus. Aliquam',693,179,'02-10-20','07-11-19',19);
INSERT INTO Producto([idProducto],[nombre],[precioVenta],[precioCompra],[FechaIngreso],[FechaVencimiento],[Inventario_idInventario]) VALUES(20,'nec, euismod in, dolor.',668,593,'10-12-20','13-09-19',20);



INSERT INTO Inventario([idInventario],[descripcion],[cantidad]) VALUES(1,'quam, elementum at, egestas',529);
INSERT INTO Inventario([idInventario],[descripcion],[cantidad]) VALUES(2,'malesuada vel, convallis in,',718);
INSERT INTO Inventario([idInventario],[descripcion],[cantidad]) VALUES(3,'odio. Phasellus at augue',887);
INSERT INTO Inventario([idInventario],[descripcion],[cantidad]) VALUES(4,'blandit at, nisi. Cum',853);
INSERT INTO Inventario([idInventario],[descripcion],[cantidad]) VALUES(5,'aliquet. Proin velit. Sed',550);
INSERT INTO Inventario([idInventario],[descripcion],[cantidad]) VALUES(6,'vitae, orci. Phasellus dapibus',981);
INSERT INTO Inventario([idInventario],[descripcion],[cantidad]) VALUES(7,'in, hendrerit consectetuer, cursus',357);
INSERT INTO Inventario([idInventario],[descripcion],[cantidad]) VALUES(8,'conubia nostra, per inceptos',823);
INSERT INTO Inventario([idInventario],[descripcion],[cantidad]) VALUES(9,'Suspendisse dui. Fusce diam',484);
INSERT INTO Inventario([idInventario],[descripcion],[cantidad]) VALUES(10,'ultrices, mauris ipsum porta',98);
INSERT INTO Inventario([idInventario],[descripcion],[cantidad]) VALUES(11,'erat neque non quam.',1);
INSERT INTO Inventario([idInventario],[descripcion],[cantidad]) VALUES(12,'lobortis mauris. Suspendisse aliquet',339);
INSERT INTO Inventario([idInventario],[descripcion],[cantidad]) VALUES(13,'Praesent luctus. Curabitur egestas',664);
INSERT INTO Inventario([idInventario],[descripcion],[cantidad]) VALUES(14,'rhoncus id, mollis nec,',141);
INSERT INTO Inventario([idInventario],[descripcion],[cantidad]) VALUES(15,'mollis nec, cursus a,',422);
INSERT INTO Inventario([idInventario],[descripcion],[cantidad]) VALUES(16,'dolor. Donec fringilla. Donec',990);
INSERT INTO Inventario([idInventario],[descripcion],[cantidad]) VALUES(17,'ipsum primis in faucibus',880);
INSERT INTO Inventario([idInventario],[descripcion],[cantidad]) VALUES(18,'at auctor ullamcorper, nisl',170);
INSERT INTO Inventario([idInventario],[descripcion],[cantidad]) VALUES(19,'Nullam scelerisque neque sed',159);
INSERT INTO Inventario([idInventario],[descripcion],[cantidad]) VALUES(20,'ut eros non enim',670);
INSERT INTO Inventario([idInventario],[descripcion],[cantidad]) VALUES(21,'Donec nibh enim, gravida',916);
INSERT INTO Inventario([idInventario],[descripcion],[cantidad]) VALUES(22,'In ornare sagittis felis.',251);
INSERT INTO Inventario([idInventario],[descripcion],[cantidad]) VALUES(23,'et, rutrum eu, ultrices',364);
INSERT INTO Inventario([idInventario],[descripcion],[cantidad]) VALUES(24,'aliquet nec, imperdiet nec,',849);
INSERT INTO Inventario([idInventario],[descripcion],[cantidad]) VALUES(25,'fermentum risus, at fringilla',667);
INSERT INTO Inventario([idInventario],[descripcion],[cantidad]) VALUES(26,'molestie. Sed id risus',568);
INSERT INTO Inventario([idInventario],[descripcion],[cantidad]) VALUES(27,'enim, gravida sit amet,',159);
INSERT INTO Inventario([idInventario],[descripcion],[cantidad]) VALUES(28,'massa. Mauris vestibulum, neque',991);
INSERT INTO Inventario([idInventario],[descripcion],[cantidad]) VALUES(29,'mauris, rhoncus id, mollis',712);
INSERT INTO Inventario([idInventario],[descripcion],[cantidad]) VALUES(30,'dis parturient montes, nascetur',529);


INSERT INTO Cotizacion_has_Producto([idCotizacion_has_Producto],[Cotizacion_idCotizacion],[Producto_idProducto],[Aprovados]) VALUES(1,1,1,'false');
INSERT INTO Cotizacion_has_Producto([idCotizacion_has_Producto],[Cotizacion_idCotizacion],[Producto_idProducto],[Aprovados]) VALUES(2,2,2,'false');
INSERT INTO Cotizacion_has_Producto([idCotizacion_has_Producto],[Cotizacion_idCotizacion],[Producto_idProducto],[Aprovados]) VALUES(3,3,3,'true');
INSERT INTO Cotizacion_has_Producto([idCotizacion_has_Producto],[Cotizacion_idCotizacion],[Producto_idProducto],[Aprovados]) VALUES(4,4,4,'true');
INSERT INTO Cotizacion_has_Producto([idCotizacion_has_Producto],[Cotizacion_idCotizacion],[Producto_idProducto],[Aprovados]) VALUES(5,5,5,'false');
INSERT INTO Cotizacion_has_Producto([idCotizacion_has_Producto],[Cotizacion_idCotizacion],[Producto_idProducto],[Aprovados]) VALUES(6,6,6,'false');
INSERT INTO Cotizacion_has_Producto([idCotizacion_has_Producto],[Cotizacion_idCotizacion],[Producto_idProducto],[Aprovados]) VALUES(7,7,7,'false');
INSERT INTO Cotizacion_has_Producto([idCotizacion_has_Producto],[Cotizacion_idCotizacion],[Producto_idProducto],[Aprovados]) VALUES(8,8,8,'true');
INSERT INTO Cotizacion_has_Producto([idCotizacion_has_Producto],[Cotizacion_idCotizacion],[Producto_idProducto],[Aprovados]) VALUES(9,9,9,'false');
INSERT INTO Cotizacion_has_Producto([idCotizacion_has_Producto],[Cotizacion_idCotizacion],[Producto_idProducto],[Aprovados]) VALUES(10,10,10,'true');


INSERT INTO Cotizacion([idCotizacion],[descripcion],[Fecha]) VALUES(1,'parturient montes, nascetur ridiculus','08-04-19');
INSERT INTO Cotizacion([idCotizacion],[descripcion],[Fecha]) VALUES(2,'justo faucibus lectus, a','05-01-20');
INSERT INTO Cotizacion([idCotizacion],[descripcion],[Fecha]) VALUES(3,'eu, placerat eget, venenatis','08-02-21');
INSERT INTO Cotizacion([idCotizacion],[descripcion],[Fecha]) VALUES(4,'Etiam imperdiet dictum magna.','25-02-20');
INSERT INTO Cotizacion([idCotizacion],[descripcion],[Fecha]) VALUES(5,'dis parturient montes, nascetur','05-10-20');
INSERT INTO Cotizacion([idCotizacion],[descripcion],[Fecha]) VALUES(6,'elit. Curabitur sed tortor.','18-08-20');
INSERT INTO Cotizacion([idCotizacion],[descripcion],[Fecha]) VALUES(7,'libero. Morbi accumsan laoreet','17-03-20');
INSERT INTO Cotizacion([idCotizacion],[descripcion],[Fecha]) VALUES(8,'Aenean egestas hendrerit neque.','08-10-20');
INSERT INTO Cotizacion([idCotizacion],[descripcion],[Fecha]) VALUES(9,'odio. Nam interdum enim','11-10-20');
INSERT INTO Cotizacion([idCotizacion],[descripcion],[Fecha]) VALUES(10,'ut, sem. Nulla interdum.','28-02-20');