-- Table Genero
INSERT INTO Genero ([idGenero],[descripcion]) VALUES 
(1,'Hombre'),
(2,'Mujer');


-- Table Persona
INSERT INTO Persona([idPersona],[primerNombre],[segundoNombre],[primerApellido],[segundoApellido],[correoElectronico],[direccion],[numeroIdentidad],[fechaIngreso],[Genero_idGenero]) 
VALUES
(1,'John','Fletcher','Blackwell','Howard','Proin@massaInteger.co.uk','398-8797 Orci. Ave','16020124 3508','2018-04-18 08:07:39',1),
(2,'Raymond','Fitzgerald','Washington','Small','molestie.tellus@idanteNunc.co.uk','6128 Libero Rd.','16801028 9125','2020-02-09 13:58:45',1),
(3,'Gabriel','Stuart','Brennan','Barnes','purus.in.molestie@etmagnis.edu','6609 Bibendum Rd.','16741004 4205','2019-03-02 06:49:49',1),
(4,'Dale','Quamar','Perry','Monroe','semper.tellus.id@cubilia.net','2392 Sit Rd.','16291102 5753','2019-08-31 08:22:57',2),
(5,'Geoffrey','Marsden','Combs','Lang','dolor.@dinadipiscing.com','Ap #766-5491 Eu Rd.','16301221 3975','2018-08-10 14:49:51',1),
(6,'Chase','Tad','Church','Guy','sed.facilisis.vitae@pharetra.co.uk','6827 Libero Avenue','16810120 7119','2019-08-21 05:25:54',1),
(7,'Caesar','Dale','Palmer','Olson','odio@Aliquamul.org','3595 Pede. Road','16040714 8337','2018-07-24 23:07:58',2),
(8,'Grant','Elvis','Noble','Spencer','Phasellus.fermentum@Etiamgravida.co.uk','Ap #520-2522 Posuere Ave','16550516 1124','2018-10-26 03:03:42',1),
(9,'Dale','Maxwell','Gill','Newman','cursus.a@egetdictumplacerat.ca','316-7832 Ullamcorper. St.','16070409 5397','2019-07-02 13:16:05',1),
(10,'Chase','Troy','Jacobson','Bolton','nibh@Nulla.ca','Ap #811-2198 Elit. Road','16580412 0698','2019-01-20 14:18:27',2),
(11,'Laith','Demetrius','Mejia','Branch','urna@eutellus.edu','P.O. Box 579, 6900 Imperdiet Rd.','16900325 9448','2018-11-01 21:28:33',2),
(12,'Carter','Akeem','Frost','Kane','nunc.Quisque@Quisquefringilla.org','2017 Purus St.','16430704 7367','2019-10-30 11:13:52',1),
(13,'Jelani','Macaulay','Bradshaw','Dawson','sed.hendrerit.a@ad.com','682-6749 Mattis Rd.','16630829 7198','2018-10-21 20:44:46',1),
(14,'Conan','Fritz','Ferguson','Weeks','a.sollicitudin.orci@metusAeneansed.co.uk','270-166 Adipiscing Rd.','16931216 4800','2019-07-10 15:24:32',2),
(15,'Wesley','Abel','Boyd','Mccormick','feugiat.Sed@ipsumdolorsit.net','P.O. Box 522, 8945 Non Street','16881104 9470','2019-05-22 22:10:41',1),
(16,'Norman','Damon','Mitchell','Hinton','senectus@nonlobortis.ca','961-8981 Ipsum. St.','16510822 4444','2019-09-15 13:45:31',2),
(17,'Lars','Colton','Durham','Dennis','Fusce.aliquet.magna@loremtristique.com','9967 Et Rd.','16560427 9991','2020-02-14 11:10:09',1),
(18,'Ray','Rigel','Maldonado','Jensen','pede@nonnisi.com','4046 Adipiscing St.','16850509 3537','2019-10-27 16:43:21',2),
(19,'Jasper','Beck','Good','Clark','odio.vel@lobortisquama.co.uk','P.O. Box 243, 6876 Libero. Road','16941209 3099','2019-12-14 02:04:53',1),
(20,'Mark','Salvador','Watkins','Gallegos','Suspendisse.dui@sedtortorInteger.edu','Ap #183-7201 Tristique Rd.','16061113 9551','2019-01-31 11:37:06',2),
(21,'Hamish','Melvin','Cole','Maldonado','non.lacinia.at@sociosqu.com','Ap #287-9625 Non Rd.','16581103 5665','2018-08-24 11:43:26',1),
(22,'Ashton','Kaseem','Foster','Wooten','magna.Nam@molestie.edu','768-8810 Ut Av.','16321019 6675','2018-04-29 20:45:56',2),
(23,'Elliott','Abel','Rocha','Blackwell','Lorem.ipsum.dolor@aliquetPhasellus.net','Ap #789-8628 Nisl. Rd.','16020903 0394','2018-05-30 00:51:58',1),
(24,'Brent','Lester','Williams','Crosby','diam@pharetranibh.edu','7042 Mollis Av.','16700514 3610','2019-10-27 16:13:20',1),
(25,'Caesar','Merrill','Park','York','tincidunt.Donec@Morbisitamet.net','P.O. Box 793, 4006 Vulputate Road','16770114 0613','2019-12-28 08:35:08',2),
(26,'Berk','Ciaran','Watkins','Harper','tempus@tellus.net','Ap #427-5974 Sed Av.','16580605 9605','2020-02-11 09:43:25',1),
(27,'Kenneth','Akeem','Howe','Stokes','quis.tristique.ac@Aeneaneuismod.ca','P.O. Box 194, 4403 Etiam Av.','16280108 8440','2019-05-17 07:58:37',1),
(28,'Omar','Grady','Hensley','Byrd','ornare.tortor@et.co.uk','P.O. Box 814, 4323 Dolor Ave','16580206 3817','2018-02-20 15:22:35',1),
(29,'Wyatt','Cruz','Newman','Salazar','cursus.purus@Vivamussit.edu','P.O. Box 382, 9603 Sollicitudin Ave','16971001 5901','2019-08-11 12:16:07',1),
(30,'Fritz','Guy','Lang','Ortiz','dis.parturient.montes@elementumat.edu','Ap #850-7090 Interdum. Road','16540904 0036','2020-02-07 00:49:28',1),
(31,'Hayes','Oren','Villarreal','Griffin','lectus.ante@Aliquamultrices.co.uk','Ap #148-6714 Ullamcorper, Street','16810910 6321','2019-06-21 13:17:09',1),
(32,'Jakeem','Craig','Joseph','Bradford','augue.porttitor.interdum@Suspendisse.com','862 Diam Rd.','16690704 2789','2019-11-14 05:07:37',1),
(33,'Damon','Driscoll','Schmidt','Zimmerman','vitae@risusNunc.net','1343 A Rd.','16280529 4028','2019-01-27 12:07:34',2),
(34,'Evan','Armand','Malone','Velez','vulputate@faucibusorciluctus.ca','1388 Cras Av.','16390830 7204','2019-08-21 03:01:41',1),
(35,'Declan','Omar','Richards','Bass','hendrerit.a.arcu@urna.org','5016 Turpis. Ave','16820124 8849','2019-05-25 05:46:33',2),
(36,'Kelly','Dexter','Everett','Harris','sagittis@nequeSed.co.uk','8537 Ligula Avenue','16120601 6113','2018-08-09 21:51:02',2),
(37,'Hasad','Arsenio','Burch','Frye','Quisque.ornare@eratvolutpatNulla.ca','671-627 Ligula. Ave','16530722 9319','2019-08-17 18:46:16',1),
(38,'Dorian','Len','Barrett','Gomez','penatibus.et@semperduilectus.com','P.O. Box 894, 1216 Magna. St.','16790704 9444','2018-02-22 12:05:11',2),
(39,'Henry','Jakeem','Bauer','Garcia','velit@natoque.net','646-1517 Quisque St.','16560107 4783','2019-05-02 04:07:19',1),
(40,'Dylan','Christopher','Stevenson','Wallace','dui.semper.et@at.edu','P.O. Box 478, 3357 Velit. Av.','16210812 8402','2019-10-24 00:38:41',1),
(41,'Perry','Thane','Raymond','Jimenez','imperdiet@Aliquamgravida.com','P.O. Box 459, 2336 Orci Rd.','16740812 6659','2018-03-19 13:56:39',2),
(42,'Griffin','Salvador','Gross','Roberts','at.pretium.aliquet@rhoncusDonecest.edu','2126 Dictum Street','16330922 3042','2018-05-17 17:58:24',2),
(43,'Damon','Christopher','Hawkins','Avery','tellus.Suspendisse@risusNullaeget.edu','Ap #135-6475 Convallis, Street','16390624 1553','2020-01-15 04:11:57',1),
(44,'Fletcher','Kirk','Reed','Merritt','vitae.erat@leoinlobortis.edu','Ap #251-307 Eu, Av.','16261201 1300','2019-11-13 21:00:34',2),
(45,'Aquila','Kibo','Key','Herring','nisi@atiaculisquis.co.uk','P.O. Box 171, 6986 Massa. Ave','16880623 5092','2019-09-26 06:25:31',2),
(46,'Fuller','Lionel','Trujillo','Reyes','sit.amet@acnullaIn.net','P.O. Box 238, 2065 Dolor Rd.','16120815 0480','2019-10-26 12:09:34',1),
(47,'Roth','Quinn','Cochran','James','est.congue@luctus.org','Ap #773-844 Facilisi. Avenue','16540502 7102','2018-12-23 21:57:51',1),
(48,'Quinlan','Armand','Boyd','Roth','eu.dui@aliquet.co.uk','7659 Blandit Rd.','16860325 2589','2019-05-25 07:44:27',1),
(49,'Chandler','Mufutau','Vinson','Eaton','est.mollis.non@varius.net','Ap #435-4719 Commodo Street','16920923 2637','2019-05-22 18:37:48',1),
(50,'Blaze','Alvin','Santana','Craig','mauris.elit@a.net','Ap #180-2409 Orci, Rd.','16831010 8074','2018-10-13 20:37:17',2),
(51,'Craig','Tiger','Cleveland','Burton','ut.pharetra.sed@volutpatNulla.ca','533-9686 A Rd.','16130511 3746','2019-06-10 06:46:14',1),
(52,'Bernard','Wang','Dale','Schwartz','dis.parturient.montes@milorem.com','Ap #709-6063 Neque St.','16791217 4823','2019-08-16 17:03:19',2),
(53,'Kevin','Felix','Mcdonald','Raymond','dapibus@luctus.net','P.O. Box 544, 6634 Sagittis Rd.','16540705 2074','2018-08-23 20:32:49',1),
(54,'Silas','Maxwell','Cooper','Guy','mollis.lectus@aliquetProin.ca','Ap #218-4211 Lacus. Ave','16541018 5770','2020-01-13 16:52:51',2),
(55,'Vaughan','Dennis','Saunders','Gay','nec@natoquepenatibuset.net','9909 Est, Avenue','16861201 5266','2020-01-19 09:22:53',1),
(56,'Emmanuel','Eagan','Hampton','Stanley','vel.convallis.in@ultriciesadipiscing.edu','2953 Erat. Av.','16050426 8723','2019-07-17 02:18:52',1),
(57,'Addison','Joel','Mosley','Vinson','libero@imperdietnonvestibulum.edu','Ap #602-1603 Parturient Rd.','16280512 7608','2019-05-07 08:49:42',2),
(58,'Eric','Ferdinand','Schneider','Contreras','Cum@risus.co.uk','Ap #623-7311 Id Rd.','16890730 3690','2018-12-14 15:02:38',1),
(59,'Baker','Brody','Mcgee','Winters','nascetur@Vestibulumante.edu','870-3564 Elementum Avenue','16121213 0130','2020-01-09 23:38:09',2),
(60,'Basil','Kyle','Flores','Dejesus','libero.Donec.consectetuer@velitCraslorem.net','Ap #563-2921 Posuere Road','16800720 0440','2018-02-06 23:56:29',2);


-- Table Cliente
INSERT INTO Cliente([idCliente],[descripcion],[Persona_idPersona]) 
VALUES
(1,'vehicula et, rutrum eu,',1),
(2,'mus. Proin vel nisl.',2),
(3,'ac risus. Morbi metus.',3),
(4,'Mauris vel turpis. Aliquam',4),
(5,'ornare egestas ligula. Nullam',5),
(6,'vulputate dui, nec tempus',6),
(7,'Quisque purus sapien, gravida',7),
(8,'tincidunt congue turpis. In',8),
(9,'Donec fringilla. Donec feugiat',9),
(10,'auctor vitae, aliquet nec,',10);

-- Table AreadeTrabajo
INSERT INTO AreaTrabajo([idAreaTrabajo],[descripcion]) 
VALUES
(1,'Gerencia'),
(2,'RRHH'),
(3,'Administracion'),
(4,'Contabilidad'),
(5,'Almacen'),
(6,'Ventas'),
(7,'Taller'),
(8,'Servicios'),
(9,'Tecnologia'),
(10,'Limpieza');


-- Table Marca
INSERT INTO Marca([idMarca],[descripcion]) 
VALUES
(1,'Volvo'),
(2,'Ford'),
(3,'Honda'),
(4,'Mitsubishi'),
(5,'Hyundai'),
(6,'Toyota'),
(7,'Suzuki'),
(8,'Nissan'),
(9,'Mazda'),
(10,'Kia');

-- Table Modelo
INSERT INTO Modelo([idModelo],[descripcion],[Marca_idMarca]) 
VALUES
(1,'Fiesta',1),
(2,'Everest',2),
(3,'Explorer',3),
(4,'Escape',4),
(5,'EcoSport',5),
(6,'Volvo V40',6),
(7,'Volvo S60',7),
(8,'Volvo S90',8),
(9,'Volvo V60',9),
(10,'Volvo XC40',10),
(11,'Civic',1),
(12,'City',2),
(13,'Fit',3),
(14,'Accor',4),
(15,'CR-V',5),
(16,'Nativa',6),
(17,'L-200',7),
(18,'Outlander',8),
(19,'Montero',9),
(20,'Space Star',10),
(21,'Elantra',1),
(22,'Santa Fe',2),
(23,'i20',3),
(24,'i30',4),
(25,'Tucson',5),
(26,'Corrola',6),
(27,'Prius',7),
(28,'Hilux',8),
(29,'Yaris',9),
(30,'Land Cruiser Prado',10),
(31,'Swift',1),
(32,'Ignis',2),
(33,'Vitara',3),
(34,'Jimny',4),
(35,'S-Cross',5),
(36,'Frontier',6),
(37,'Juke',7),
(38,'Qashqai',8),
(39,'X-Trail',9),
(40,'Pathfinder',10),
(41,'CX-3',1),
(42,'Mazda2',2),
(43,'Mazda3',3),
(44,'BT-50',4),
(45,'CX-5',5),
(46,'Rio',6),
(47,'Picanto',7),
(48,'Sportage',8),
(49,'Sorento',9),
(50,'Soul',10);

-- Table Vehiculos
INSERT INTO Vehiculos([idVehiculos],[Vin],[Color],[Placa],[numeroMotor],[caja_de_cambios],[Modelo_idModelo]) 
VALUES
(1,'1PCH23DF56GHJ3DF34A','Azul','PCH-2345','R134J4768341','Automatico',1),
(2,'1PCH23DF56GHJ3DF34B','Blanco','PCH-2346','R134J4768342','Mecanico',1),
(3,'1PCH23DF56GHJ3DF34C','Rojo','PCH-2347','R134J4768343','Automatico',1),
(4,'1PCH23DF56GHJ3DF34D','Verde Olivo','PCH-2348','R134J4768344','Mecanico',1),
(5,'1PCH23DF56GHJ3DF34E','Negro','PCH-2349','R134J4768345','Mecanico',1),
(6,'1PCH23DF56GHJ3DF34F','Azul','PCH-2350','R134J4768346','Automatico',1),
(7,'1PCH23DF56GHJ3DF34G','Plata','PCH-2351','R134J4768347','Mecanico',1),
(8,'1PCH23DF56GHJ3DF34H','Silver','PCH-2352','R134J4768348','Automatico',1),
(9,'1PCH23DF56GHJ3DF34I','Negro','PCH-2353','R134J4768349','Mecanico',1),
(10,'1PCH23DF56GHJ3DF34J','Rojo','PCH-2354','R134J4768310','Automatico',1);

-- Table Servicios
INSERT INTO Servicios([idServicios],[nombre],[precioCosto],[duracion]) 
VALUES
(1,'Lavado de auto',220,'04:18:45'),
(2,'Inspeccion del Vehiculo',651,'03:59:53'),
(3,'Mantenimiento',418,'02:58:05'),
(4,'Pintura',874,'02:13:54'),
(5,'Cambio de llantas',486,'22:27:54'),
(6,'Cambio de aceites',502,'06:35:31'),
(7,'Cambio de amortiguadores',754,'02:30:54'),
(8,'Reparacion de motor',245,'16:30:13'),
(9,'Reparacion de abolladuras',479,'03:34:59'),
(10,'Otras Reparaciones',802,'02:53:56');

-- Table EstadoOT
INSERT INTO EstadoOT([idEstadoOT],[descripcion]) 
VALUES
(1,'Creando Orden de Trabajo'),
(2,'Revision del vehiculo'),
(3,'Contratar servicios'),
(4,'Cotizar repuestos'),
(5,'Aprobar cotizacion Cliente'),
(6,'Aprobar cotizacion JefeTaller'),
(7,'Generar lista de materiales'),
(8,'Aprobar lista de materiales'),
(9,'Rebajar productos del inventario'),
(10,'Finalizar mantenimiento'),
(11,'Aprobar control de calidad'),
(12,'Crear lista de sugerencias'),
(13,'Orden de Trabajo finalizada');

-- Table OrdenTrabajo
INSERT INTO OrdenTrabajo([idOrdenTrabajo],[fechaInicio],[fechaFin],[estado_del_vehiculo],[objetosPersonales],[reparacionesEfectuadas],[reparacionesNoEfectuadas],[Recomendaciones],     [Cliente_idCLiente],[EstadoOT_idEstadoOT],[Vehiculos_idVehiculos]) 
VALUES
(1,'2019-10-03','2020-05-20',   'Perfecto estado',              'Sin objetos personales',   'Cambio de aceite, Fuga de agua',   'Calibrado de suspensión',  'Se recomienda cambiar las llantas',        1,1,1),
(2,'2018-12-20','2019-03-06',   'Abolladuras en las puertas',   'Llaves',                   'Cambio de aceite, Fuga de agua',   'Calibrado de suspensión',  'Se recomienda cambiar las llantas',        2,2,2),
(3,'2013-06-19','2020-03-19',   'Abolladuras en las puertas',   'Monederos',                'Cambio de aceite, Fuga de agua',   'Reparacion del motor',     'Se recomienda revisar la caja de cambios', 3,3,3),
(4,'2020-01-20','2020-02-20',   'Perfecto estado',              'Tarjetas Bancarias',       'Mantenimiento 100 KM',             'Reparacion del motor',     '',                                         4,4,4),
(5,'2020-01-21','2020-10-20',   'Perfecto estado',              'Alimentos y Refrescos',    'Mantenimiento 100 KM',             'Reparacion del motor',     '',                                         5,5,5),
(6,'2019-02-19','2020-02-21',   'Abolladuras en las puertas',   'Computadora ASUS',         'Mantenimiento 100 KM',             'Pintura del Vehiculo',     '',                                         6,6,6),
(7,'2019-05-20','2020-06-19',   'Perfecto estado',              '2 Celulares Huawei',       'Todas las reparaciones',           '',                         '',                                         7,7,7),
(8,'2019-06-19','2020-12-20',   'Perfecto estado',              'Sin objetos personales',   'Todas las reparaciones',           '',                         '',                                         8,8,8),
(9,'2020-05-19','2020-09-19',   'Sin retrovisores',             'Sin objetos personales',   'Todas las reparaciones',           '',                         '',                                         9,9,9),
(10,'2020-04-20','2020-10-20',  'Ventanas quebrados',           'Sin objetos personales',   'Todas las reparaciones',           '',                         '',                                         10,10,10);

-- Table TipoContrato
INSERT INTO TipoContrato([idTipoContrato],[descripcion]) 
VALUES
(1,'Permanente'),
(2,'Temporal');

-- Table ContratoPersonal
INSERT INTO ContratoPersonal([idContratoPersonal],[fechaContrato],[Sueldo],[HoraEntrada],[HoraSalida],[TipoContrato_idTipoContrato]) 
VALUES
(1,'2020-01-29',16229,'20:14:33','13:16:19',1),
(2,'2019-04-19',5735,'06:55:48','08:02:23',2),
(3,'2020-01-18',10446,'11:27:13','17:51:23',1),
(4,'2020-12-29',15730,'21:25:34','07:21:43',2),
(5,'2019-03-08',4361,'12:34:40','17:32:16',1),
(6,'2020-07-10',24789,'10:13:58','11:24:33',1),
(7,'2019-08-19',7488,'09:03:42','00:43:28',1),
(8,'2019-06-24',19434,'08:40:07','05:02:42',2),
(9,'2021-02-11',21813,'03:39:55','10:13:36',2),
(10,'2020-12-27',6718,'03:34:49','07:17:11',2);

-- Table Horas_extras
INSERT INTO Horas_extras([idHoras_extras],[HoraInicio],[HoraFin],[fecha]) 
VALUES
(1,'13:16:19','20:14:33','05/08/2015'),
(2,'06:55:48','08:02:23','2011/11/16'),
(3,'11:27:13','17:51:23','2019/01/05'),
(4,'07:21:43','21:25:34','2020/08/01'),
(5,'12:34:40','17:32:16','2017/02/17'),
(6,'10:13:58','11:24:33','2014/10/22'),
(7,'00:43:28','09:03:42','2012/05/19'),
(8,'05:02:42','08:40:07','2016/03/21'),
(9,'03:39:55','10:13:36','2011/08/03'),
(10,'03:34:49','07:17:11','2018/02/04');

-- Table Historico_HE
INSERT INTO Historico_HE([idHistorico_HE],[AreaTrabajo_idAreaTrabajo],[Horas_extras_idHoras_extras]) 
VALUES
(1,4,3),
(2,10,6),
(3,3,10),
(4,7,2),
(5,4,9),
(6,3,10),
(7,1,8),
(8,3,5),
(9,2,4),
(10,5,4);

-- Table Descuento
INSERT INTO Descuento([idDescuento],[descripcion],[porcentaje],[fecha_de_validez]) 
VALUES
(1,'Tercera edad',25,'2021-02-17 22:09:24');

-- Table TipoProducto
INSERT INTO TipoProducto([idTipoProducto],[descripcion]) 
VALUES
(1,'Recambio'),
(2,'Herramienta');

-- Table Producto
INSERT INTO Producto([idProducto],[nombre],[cantidad],[precioVenta],[precioCompra],[FechaIngreso],[FechaVencimiento],[TipoProducto_idTipoProducto]) 
VALUES
(1,'Llantas',              1,78,900,      '2020-09-20','2027-01-20',1),
(2,'Rines',                2,174,809,     '2020-05-19','2027-07-20',1),
(3,'Retrovisores',         7,77,159,      '2020-08-20','2027-11-19',1),
(4,'Manubrio',             7,693,179,     '2020-10-20','2027-11-19',1),
(5,'Caja de cambios',      4,668,593,     '2020-12-20','2027-09-19',1),
(6,'Bompers',              3,332,78,      '2020-02-19','2027-01-20',1),
(7,'Guarda Fangos',        20,571,558,    '2020-07-20','2027-03-20',1),
(8,'Limpia para brizas',   17,329,665,    '2020-07-20','2027-02-20',1),
(9,'Bujia',                15,747,898,    '2020-11-20','2027-02-19',1),
(10,'Focos Traseros',      11,591,406,    '2020-09-20','2027-04-19',1),
(11,'Frenos',              14,78,900,     '2020-09-20','2027-01-20',1),
(12,'Polarizado',          1,174,809,     '2020-05-19','2027-07-20',1),
(13,'Aceite',              14,77,159,     '2020-08-20','2027-11-19',1),
(14,'Liquido de freno',    13,693,179,    '2020-10-20','2027-11-19',1),
(15,'Jumpers',             12,668,593,    '2020-12-20','2027-09-19',1),

(16,'Llave 1 9/16',             21,0,469,    '2020-05-19','2027-08-20',2),
(17,'Llave 1 5/8',              21,0,19,     '2020-08-19','2027-07-19',2),
(18,'Llave 1 11/16',            2,0,862,     '2020-04-19','2027-08-20',2),
(19,'Llave 1 3/4',              21,0,442,    '2020-05-19','2027-06-20',2),
(20,'Llave 1 1/4',              2,0,909,     '2020-08-20','2027-10-19',2),
(21,'Sierra de mano',           22,0,248,    '2020-03-20','2027-06-20',2),
(22,'Pinza',                    2,0,406,     '2020-09-20','2027-04-19',2),
(23,'Tijeras',                  23,0,405,    '2020-05-20','2027-07-19',2),
(24,'Destornillador Filix',     2,0,616,     '2020-08-20','2027-12-19',2),
(25,'Destornillador Plano',     24,0,671,    '2020-09-19','2027-06-20',2),
(26,'Destornillador Estrella',  25,0,544,    '2020-02-20','2027-06-19',2),
(27,'Sargento',                 3,0,78,      '2020-02-19','2027-01-20',2),
(28,'Tenaza',                   22,0,558,    '2020-07-20','2027-03-20',2),
(29,'Terraja de roscar',        21,0,665,    '2020-07-20','2027-02-20',2),
(30,'Escariador',               2,0,898,     '2020-11-20','2027-02-19',2);



-- Table Aspirante
INSERT INTO Aspirante([idAspirante],[descripcion],[fechaEntrevista],[Persona_idPersona]) 
VALUES
(1,'Area de Tecnologia','2014-01-21',41),
(2,'Area de Contabilidad','2019-12-21',42),
(3,'Area de RRHH','2011-01-17',43),
(4,'Area de Administracion','2018-06-15',44),
(5,'Area de Ventas','2011-07-19',45),
(6,'Area de Almacen','2012-10-31',46),
(7,'Area de Limpieza','2019-06-13',47),
(8,'Area de Gerencia','2016-07-04',48),
(9,'Area de Servicios','2020-06-16',49),
(10,'Area de Taller','2017-08-28',50);

-- Table Curriculum
INSERT INTO Curriculum([idCurriculum],[nombreArchivo],[Aspirante_idAspirante]) 
VALUES
(1,'1. Perry Raymond.docx',1),
(2,'2. Griffin Gross.docx',2),
(3,'3. Damon Hawkins.docx',3),
(4,'4. Fletcher Reed.docx',4),
(5,'5. Aquila Key.docx',5),
(6,'6. Fuller Trujillo.docx',6),
(7,'7. Roth Cochran.docx',7),
(8,'8. Quinlan Boyd.docx',8),
(9,'9. Chandler Vinson.docx',9),
(10,'10. Blaze Santana.docx',10);

-- Table Cargo
INSERT INTO Cargo([idCargo],[descripcion]) 
VALUES
(1,'Presidente'),
(2,'Jefe de RRHH'),
(3,'Asistente de RRHH'),
(4,'Jefe Administrativo'),
(5,'Asistente Administrativo'),
(6,'Consejero'),
(7,'Jefe de Contabilidad'),
(8,'Contador'),
(9,'Encargado de Bodega'),
(10,'Gerente de Ventas'),
(11,'Jefe de Recambios'),
(12,'Vendedor de Recambios'),
(13,'Asistente de Recambios'),
(14,'Cajero'),
(15,'Jefe de Taller'),
(16,'Tecnico'),
(17,'Asesor de Servicios'),
(18,'Operario Lavador de Vehiculos'),
(19,'Administrador de Sistema'),
(20,'Aseador');

-- Table Permisos
INSERT INTO Permisos([idPermisos],[motivo],[fecha]) 
VALUES
(1,'Coronavirus','2019-07-15'),
(2,'Examen de la Universidad','2019-08-18'),
(3,'Llevar el hijo a la escuela','2019-08-15'),
(4,'Tramitar la Visa','2019-02-16'),
(5,'Llevar el perro al veterinario','2019-03-11'),
(6,'Dengue','2019-06-14'),
(7,'Graduacion de Estudios Universitarios','2019-02-20'),
(8,'Defuncion de un Familiar','2019-04-19'),
(9,'Conpulsar titulos para maestria','2019-09-17'),
(10,'Reporte de asalto','2019-02-19');

--Table Vacaciones
INSERT INTO Vacaciones([idVacaciones],[cantidadDias],[FechaInicio],[FechaFin],[FechaRetorno]) 
VALUES
(1,26,'2019-05-12','2020-02-11','2021-02-21'),
(2,25,'2019-11-11','2020-01-19','2021-08-17'),
(3,30,'2019-06-14','2020-05-11','2021-08-11'),
(4,19,'2019-05-13','2020-05-11','2021-03-14'),
(5,23,'2019-02-11','2020-01-18','2021-02-13'),
(6,2,'2019-02-21','2020-04-15','2021-12-17'),
(7,19,'2019-01-13','2020-12-20','2021-02-13'),
(8,21,'2019-09-17','2020-05-18','2021-02-10'),
(9,19,'2019-02-20','2020-04-18','2021-06-16'),
(10,26,'2019-08-14','2020-08-16','2021-08-20');

-- Table Empleado
INSERT INTO Empleado([idEmpleado],[CodigoEmpleado],[descripcion],[JefeInmediato],[Persona_idPersona],[Cargo_idCargo],[AreaTrabajo_idAreaTrabajo]) 
VALUES
(1,'EMP0001','Excelente', 10, 11, 1, 2),
(2,'EMP0002','Excelente', 3, 12, 7, 3),
(3,'EMP0003','Excelente', 5, 13, 12, 1),
(4,'EMP0004','Excelente', 8, 14, 13, 5),
(5,'EMP0005','Excelente', 6, 15, 14, 4),
(6,'EMP0006','Excelente', 7, 16, 15, 7),
(7,'EMP0007','Excelente', 3, 17, 16, 1),
(8,'EMP0008','Excelente', 7, 18, 17, 10),
(9,'EMP0009','Excelente', 9, 19, 7, 1),
(10,'EMP0010','Bueno', 9, 20, 2, 9),
(11,'EMP0011','Bueno', 8, 21, 1, 1),
(12,'EMP0012','Bueno', 1, 22, 2, 2),
(13,'EMP0013','Bueno', 4, 23, 3, 3),
(14,'EMP0014','Bueno', 10, 24, 4, 4),
(15,'EMP0015','Regular', 6, 25, 5, 5),
(16,'EMP0016','Regular', 3, 26, 6, 6),
(17,'EMP0017','Regular', 4, 27, 7, 7),
(18,'EMP0018','Regular', 6, 28, 8, 8),
(19,'EMP0019','Malo', 7, 29, 9, 9),
(20,'EMP0020','Malo', 9, 30, 10, 10);

-- Table Solicitudes
INSERT INTO Solicitudes([idSolicitudes],[descripcion],[Permisos_idPermisos],[Vacaciones_idVacaciones],[Empleado_idEmpleado])
VALUES
(1,'Vacaciones de mes',3,7,7),
(2,'Vacaciones de semana santa',6,10,5),
(3,'Permiso de Salud',7,9,3),
(4,'Permiso de Estudio',9,8,5),
(5,'Vacaciones de semana morazanica',9,1,4),
(6,'Permiso Familiar',2,8,6),
(7,'Permiso de Obligaciones',10,9,6),
(8,'Vacaciones de Navidad',2,1,4),
(9,'Dias Libres',6,4,5),
(10,'Otros Permisos',2,8,4);

-- Table Reservacion
INSERT INTO Reservacion([idReservacion],[descripcion],[cita],[Empleado_idEmpleado],[Cliente_idCliente]) 
VALUES
(1,'elit, dictum eu, eleife.','2020-10-12',7,5),
(2,'magnis dis parturient m mus.','2020-12-12',5,8),
(3,'magna, malesuada vel, cin,','2020-01-20',10,9),
(4,'augue. Sed molestie. Ses quis','2020-02-10',5,5),
(5,'torquent per conubia no','2020-08-12',5,7),
(6,'orci. Ut sagittis lobors.','2020-07-10',8,5),
(7,'eget metus eu erat se. Fusce','2020-02-16',7,1),
(8,'mattis ornare,','2020-09-12',7,4),
(9,'nunc','2020-12-16',10,9),
(10,'ridiculus mus.','2020-05-11',3,4);

-- Table Huella
INSERT INTO Huella([idHuella],[descripcion],[HoraEntrada],[HoraSalida],[Fecha],[Empleado_idEmpleado]) 
VALUES
(1,'Hora Correcta','13:16:19','20:14:33','2020-08-11',7),
(2,'Hora Correcta','06:55:48','08:02:23','2020-01-14',1),
(3,'Hora Correcta','11:27:13','17:51:23','2020-06-18',9),
(4,'Hora Correcta','07:21:43','21:25:34','2020-09-13',1),
(5,'Hora Correcta','12:34:40','17:32:16','2020-04-16',10),
(6,'Retraso','10:13:58','11:24:33','2020-11-10',5),
(7,'Retraso y Salida Temprana','00:43:28','09:03:42','2020-11-13',3),
(8,'Salida Temprana','05:02:42','08:40:07','2020-07-12',8),
(9,'Hora Correcta y Horas extras','03:39:55','10:13:36','2020-02-15',7),
(10,'Horas extras','13:16:19','20:14:33','2020-02-20',5);

-- Table FormaPago
INSERT INTO FormaPago([idFormaPago],[descripcion]) 
VALUES
(1,'Efectivo'),
(2,'Tarjeta de credito/debito'),
(3,'Billeteras Digitales');

-- Table Promociones
INSERT INTO Promociones([idPromociones],[descripcion],[fechaInicio],[fechaFin])
VALUES
(1,'Inicio anio','2020-01-03','2020-02-01'),
(2,'Semana Santa','2020-04-01','2020-04-15'),
(3,'Fin anio','2020-12-15','2020-12-23');


-- Table Factura


-- Table Telefono
INSERT INTO Telefono([idTelefono],[numeroTelefono],[Persona_idPersona]) 
VALUES
(1,'16360925 8813',1),
(2,'16630509 2022',2),
(3,'16670706 8109',3),
(4,'16810926 1548',4),
(5,'16270718 4517',5),
(6,'16021022 7864',6),
(7,'16600830 6638',7),
(8,'16920413 2725',8),
(9,'16560207 0731',9),
(10,'16980717 0999',10),
(11,'16470411 4604',11),
(12,'16251209 2863',12),
(13,'16100829 5907',13),
(14,'16231107 5895',14),
(15,'16191101 9915',15),
(16,'16580529 9830',16),
(17,'16621125 9103',17),
(18,'16390715 8996',18),
(19,'16361214 3663',19),
(20,'16910524 4884',20),
(21,'16630218 5175',21),
(22,'16351221 6874',22),
(23,'16990329 5898',23),
(24,'16350817 1729',24),
(25,'16221216 8518',25),
(26,'16330813 4141',26),
(27,'16830610 6140',27),
(28,'16801212 1318',28),
(29,'16640626 7788',29),
(30,'16500528 8799',30),
(31,'16261003 2159',31),
(32,'16631004 3325',32),
(33,'16300523 3741',33),
(34,'16710719 6037',34),
(35,'16401103 1251',35),
(36,'16680602 3997',36),
(37,'16280728 7517',37),
(38,'16120524 6612',38),
(39,'16681020 3130',39),
(40,'16290718 6494',40),
(41,'16040902 6374',41),
(42,'16610607 1332',42),
(43,'16000622 7821',43),
(44,'16110405 2228',44),
(45,'16540419 2469',45),
(46,'16121107 2622',46),
(47,'16030510 2378',47),
(48,'16190622 0064',48),
(49,'16790419 5596',49),
(50,'16350723 0914',50),
(51,'16151225 2824',51),
(52,'16271224 0585',52),
(53,'16210324 0608',53),
(54,'16590303 1168',54),
(55,'16420815 3413',55),
(56,'16341225 1377',56),
(57,'16100630 1038',57),
(58,'16140206 7548',58),
(59,'16210910 4253',59),
(60,'16751004 6480',60);

-- Table VinculoCyV
INSERT INTO VinculoCyV([Cliente_idCliente],[Vehiculos_idVehiculos],[idVinculoCyV]) 
VALUES
(8,1,1),
(3,2,2),
(7,3,3),
(3,4,4),
(4,5,5),
(1,6,6),
(5,7,7),
(4,8,8),
(3,9,9),
(6,10,10);

-- Table Historico_Contratos
INSERT INTO Historico_Contratos([idHistorico_Contratos],[ContratoPersonal_idContratoPersonal],[Empleado_idEmpleado]) 
VALUES
(1,1,1),
(2,2,2),
(3,3,3),
(4,4,4),
(5,5,5),
(6,6,6),
(7,7,7),
(8,8,8),
(9,9,9),
(10,10,10);

-- Table RolPago
INSERT INTO RolPago([idRolPago],[Sueldo],[Fecha],[Deducciones],[CantidadHT],[CantidadHE],[PagoHT],[PagoHE],[Comisiones],[Cargo],[Empleado_idEmpleado]) 
VALUES
(1,9555,'2013-08-21',483,10,4,13869,666,3695,'Asesor de Servicios',4),
(2,7894,'2019-03-14',199,12,4,6095,1436,2076,'Asesor de Servicios',4),
(3,14292,'2016-05-15',229,12,2,5749,673,3703,'Jefe de RRHH',10),
(4,11449,'2013-05-10',456,11,1,14303,889,4960,'Administrador Sistema',3),
(5,8120,'2018-06-09',317,12,1,7187,1488,1512,'Administrador Sistema',3),
(6,13569,'2017-03-03',191,11,2,9484,1456,1149,'Asistente de RRHH',9),
(7,10917,'2018-06-23',377,12,4,14109,1878,3873,'Cajero',2),
(8,5962,'2016-04-06',361,10,1,5580,1277,3952,'Asesor de Servicios',4),
(9,12844,'2011-08-12',268,11,4,5915,1984,1648,'Cajero',2),
(10,13930,'2014-03-14',223,12,2,13398,554,2823,'Jefe de RRHH',10);

-- Table Lista_Servicios
INSERT INTO Lista_Servicios([OrdenTrabajo_idOrdenTrabajo],[Servicios_idServicios],[servicioEfectuado]) 
VALUES
(1,1,0),
(2,2,0),
(3,3,1),
(4,4,1),
(5,5,1),
(6,6,0),
(7,7,1),
(8,8,1),
(9,9,1),
(10,10,1);

-- Table Lista_MyR
INSERT INTO Lista_MyR([OrdenTrabajo_idOrdenTrabajo],[Producto_idProducto],[rebajados]) 
VALUES
(1,1,1),
(2,2,0),
(3,3,0),
(4,4,0),
(5,5,1),
(6,6,1),
(7,7,1),
(8,8,1),
(9,9,0),
(10,10,1);

-- Table Lista_Cotizacion
INSERT INTO Lista_Cotizacion([OrdenTrabajo_idOrdenTrabajo],[Producto_idProducto],[aprovados]) 
VALUES
(1,1,0),
(2,2,0),
(3,3,1),
(4,4,1),
(5,5,0),
(6,6,0),
(7,7,0),
(8,8,1),
(9,9,0),
(10,10,1);

-- Table Estado_Usuario
INSERT INTO Estado_Usuario([idEstado_Usuario],[descripcion]) 
VALUES
(1,'Habilitado'),
(2,'Deshabilitado');

-- Table Usuarios
INSERT INTO Usuarios([idUsuario],[nombreUsuario],[contrasenia],[Empleado_idEmpleado],[Estado_Usuario_idEstado_Usuario]) 
VALUES
(1,'LuisFer15','extremo15',1,1),
(2,'Carson','FDN61QJI7UM',2,1),
(3,'Plato','BHE81RRR3RE',3,1),
(4,'Marvin','MYC35PEB8EV',4,1),
(5,'Avram','QFQ39QGO6SF',5,1),
(6,'Oliver','ODY47FJL1DH',6,1),
(7,'Odysseus','RKL51XQZ5XF',7,1),
(8,'Joshua','OHM31QHV2MV',8,1),
(9,'Sylvester','QWH00KBU3XE',9,1),
(10,'Reece','IKH08NXO5AA',10,1),
(11,'Hu','PQU24OYM5OU',11,1),
(12,'Denton','NAG63DHW6XI',12,1),
(13,'Emerson','QMF57AGC8LI',13,1),
(14,'Rajah','JED04HBG6GS',14,1),
(15,'Ferris','FCU55FMI1MJ',15,2),
(16,'Elliott','GBB29FUO7LZ',16,1),
(17,'Logan','HLV64AZT9VC',17,1),
(18,'Prescott','TEN88XYH0ZN',18,1),
(19,'Nissim','GKR57UFE1NF',19,1),
(20,'Zachary','NQI46GIZ7XV',20,2);

-- Table Accion


-- Table Registro_de_Actividad

