-- Table Genero
INSERT INTO Genero ([idGenero],[descripcion]) VALUES 
(1,'Hombre'),
(2,'Mujer');


-- Table Persona
INSERT INTO Persona([idPersona],[primerNombre],[segundoNombre],[primerApellido],[segundoApellido],[correoElectronico],[direccion],[numeroIdentidad],[fechaIngreso],[Genero_idGenero]) 
VALUES
(1,'John','Fletcher','Blackwell','Howard','Proin@massaInteger.co.uk','398-8797 Orci. Ave','16020124 3508','2018-04-18 08:07:39',1),
(2,'Raymond','Fitzgerald','Washington','Small','molestie.tellus@idanteNunc.co.uk','6128 Libero Rd.','16801028 9125','2020-02-09 13:58:45',1),
(3,'Gabriel','Stuart','Brennan','Barnes','purus.in.molestie@etmagnis.edu','6609 Bibendum Rd.','16741004 4205','2019-03-02 06:49:49',1),
(4,'Dale','Quamar','Perry','Monroe','semper.tellus.id@cubilia.net','2392 Sit Rd.','16291102 5753','2019-08-31 08:22:57',2),
(5,'Geoffrey','Marsden','Combs','Lang','dolor.@dinadipiscing.com','Ap #766-5491 Eu Rd.','16301221 3975','2018-08-10 14:49:51',1),
(6,'Chase','Tad','Church','Guy','sed.facilisis.vitae@pharetra.co.uk','6827 Libero Avenue','16810120 7119','2019-08-21 05:25:54',1),
(7,'Caesar','Dale','Palmer','Olson','odio@Aliquamul.org','3595 Pede. Road','16040714 8337','2018-07-24 23:07:58',2),
(8,'Grant','Elvis','Noble','Spencer','Phasellus.fermentum@Etiamgravida.co.uk','Ap #520-2522 Posuere Ave','16550516 1124','2018-10-26 03:03:42',1),
(9,'Dale','Maxwell','Gill','Newman','cursus.a@egetdictumplacerat.ca','316-7832 Ullamcorper. St.','16070409 5397','2019-07-02 13:16:05',1),
(10,'Chase','Troy','Jacobson','Bolton','nibh@Nulla.ca','Ap #811-2198 Elit. Road','16580412 0698','2019-01-20 14:18:27',2),
(11,'Laith','Demetrius','Mejia','Branch','urna@eutellus.edu','P.O. Box 579, 6900 Imperdiet Rd.','16900325 9448','2018-11-01 21:28:33',2),
(12,'Carter','Akeem','Frost','Kane','nunc.Quisque@Quisquefringilla.org','2017 Purus St.','16430704 7367','2019-10-30 11:13:52',1),
(13,'Jelani','Macaulay','Bradshaw','Dawson','sed.hendrerit.a@ad.com','682-6749 Mattis Rd.','16630829 7198','2018-10-21 20:44:46',1),
(14,'Conan','Fritz','Ferguson','Weeks','a.sollicitudin.orci@metusAeneansed.co.uk','270-166 Adipiscing Rd.','16931216 4800','2019-07-10 15:24:32',2),
(15,'Wesley','Abel','Boyd','Mccormick','feugiat.Sed@ipsumdolorsit.net','P.O. Box 522, 8945 Non Street','16881104 9470','2019-05-22 22:10:41',1),
(16,'Norman','Damon','Mitchell','Hinton','senectus@nonlobortis.ca','961-8981 Ipsum. St.','16510822 4444','2019-09-15 13:45:31',2),
(17,'Lars','Colton','Durham','Dennis','Fusce.aliquet.magna@loremtristique.com','9967 Et Rd.','16560427 9991','2020-02-14 11:10:09',1),
(18,'Ray','Rigel','Maldonado','Jensen','pede@nonnisi.com','4046 Adipiscing St.','16850509 3537','2019-10-27 16:43:21',2),
(19,'Jasper','Beck','Good','Clark','odio.vel@lobortisquama.co.uk','P.O. Box 243, 6876 Libero. Road','16941209 3099','2019-12-14 02:04:53',1),
(20,'Mark','Salvador','Watkins','Gallegos','Suspendisse.dui@sedtortorInteger.edu','Ap #183-7201 Tristique Rd.','16061113 9551','2019-01-31 11:37:06',2),
(21,'Hamish','Melvin','Cole','Maldonado','non.lacinia.at@sociosqu.com','Ap #287-9625 Non Rd.','16581103 5665','2018-08-24 11:43:26',1),
(22,'Ashton','Kaseem','Foster','Wooten','magna.Nam@molestie.edu','768-8810 Ut Av.','16321019 6675','2018-04-29 20:45:56',2),
(23,'Elliott','Abel','Rocha','Blackwell','Lorem.ipsum.dolor@aliquetPhasellus.net','Ap #789-8628 Nisl. Rd.','16020903 0394','2018-05-30 00:51:58',1),
(24,'Brent','Lester','Williams','Crosby','diam@pharetranibh.edu','7042 Mollis Av.','16700514 3610','2019-10-27 16:13:20',1),
(25,'Caesar','Merrill','Park','York','tincidunt.Donec@Morbisitamet.net','P.O. Box 793, 4006 Vulputate Road','16770114 0613','2019-12-28 08:35:08',2),
(26,'Berk','Ciaran','Watkins','Harper','tempus@tellus.net','Ap #427-5974 Sed Av.','16580605 9605','2020-02-11 09:43:25',1),
(27,'Kenneth','Akeem','Howe','Stokes','quis.tristique.ac@Aeneaneuismod.ca','P.O. Box 194, 4403 Etiam Av.','16280108 8440','2019-05-17 07:58:37',1),
(28,'Omar','Grady','Hensley','Byrd','ornare.tortor@et.co.uk','P.O. Box 814, 4323 Dolor Ave','16580206 3817','2018-02-20 15:22:35',1),
(29,'Wyatt','Cruz','Newman','Salazar','cursus.purus@Vivamussit.edu','P.O. Box 382, 9603 Sollicitudin Ave','16971001 5901','2019-08-11 12:16:07',1),
(30,'Fritz','Guy','Lang','Ortiz','dis.parturient.montes@elementumat.edu','Ap #850-7090 Interdum. Road','16540904 0036','2020-02-07 00:49:28',1),
(31,'Hayes','Oren','Villarreal','Griffin','lectus.ante@Aliquamultrices.co.uk','Ap #148-6714 Ullamcorper, Street','16810910 6321','2019-06-21 13:17:09',1),
(32,'Jakeem','Craig','Joseph','Bradford','augue.porttitor.interdum@Suspendisse.com','862 Diam Rd.','16690704 2789','2019-11-14 05:07:37',1),
(33,'Damon','Driscoll','Schmidt','Zimmerman','vitae@risusNunc.net','1343 A Rd.','16280529 4028','2019-01-27 12:07:34',2),
(34,'Evan','Armand','Malone','Velez','vulputate@faucibusorciluctus.ca','1388 Cras Av.','16390830 7204','2019-08-21 03:01:41',1),
(35,'Declan','Omar','Richards','Bass','hendrerit.a.arcu@urna.org','5016 Turpis. Ave','16820124 8849','2019-05-25 05:46:33',2),
(36,'Kelly','Dexter','Everett','Harris','sagittis@nequeSed.co.uk','8537 Ligula Avenue','16120601 6113','2018-08-09 21:51:02',2),
(37,'Hasad','Arsenio','Burch','Frye','Quisque.ornare@eratvolutpatNulla.ca','671-627 Ligula. Ave','16530722 9319','2019-08-17 18:46:16',1),
(38,'Dorian','Len','Barrett','Gomez','penatibus.et@semperduilectus.com','P.O. Box 894, 1216 Magna. St.','16790704 9444','2018-02-22 12:05:11',2),
(39,'Henry','Jakeem','Bauer','Garcia','velit@natoque.net','646-1517 Quisque St.','16560107 4783','2019-05-02 04:07:19',1),
(40,'Dylan','Christopher','Stevenson','Wallace','dui.semper.et@at.edu','P.O. Box 478, 3357 Velit. Av.','16210812 8402','2019-10-24 00:38:41',1),
(41,'Perry','Thane','Raymond','Jimenez','imperdiet@Aliquamgravida.com','P.O. Box 459, 2336 Orci Rd.','16740812 6659','2018-03-19 13:56:39',2),
(42,'Griffin','Salvador','Gross','Roberts','at.pretium.aliquet@rhoncusDonecest.edu','2126 Dictum Street','16330922 3042','2018-05-17 17:58:24',2),
(43,'Damon','Christopher','Hawkins','Avery','tellus.Suspendisse@risusNullaeget.edu','Ap #135-6475 Convallis, Street','16390624 1553','2020-01-15 04:11:57',1),
(44,'Fletcher','Kirk','Reed','Merritt','vitae.erat@leoinlobortis.edu','Ap #251-307 Eu, Av.','16261201 1300','2019-11-13 21:00:34',2),
(45,'Aquila','Kibo','Key','Herring','nisi@atiaculisquis.co.uk','P.O. Box 171, 6986 Massa. Ave','16880623 5092','2019-09-26 06:25:31',2),
(46,'Fuller','Lionel','Trujillo','Reyes','sit.amet@acnullaIn.net','P.O. Box 238, 2065 Dolor Rd.','16120815 0480','2019-10-26 12:09:34',1),
(47,'Roth','Quinn','Cochran','James','est.congue@luctus.org','Ap #773-844 Facilisi. Avenue','16540502 7102','2018-12-23 21:57:51',1),
(48,'Quinlan','Armand','Boyd','Roth','eu.dui@aliquet.co.uk','7659 Blandit Rd.','16860325 2589','2019-05-25 07:44:27',1),
(49,'Chandler','Mufutau','Vinson','Eaton','est.mollis.non@varius.net','Ap #435-4719 Commodo Street','16920923 2637','2019-05-22 18:37:48',1),
(50,'Blaze','Alvin','Santana','Craig','mauris.elit@a.net','Ap #180-2409 Orci, Rd.','16831010 8074','2018-10-13 20:37:17',2),
(51,'Craig','Tiger','Cleveland','Burton','ut.pharetra.sed@volutpatNulla.ca','533-9686 A Rd.','16130511 3746','2019-06-10 06:46:14',1),
(52,'Bernard','Wang','Dale','Schwartz','dis.parturient.montes@milorem.com','Ap #709-6063 Neque St.','16791217 4823','2019-08-16 17:03:19',2),
(53,'Kevin','Felix','Mcdonald','Raymond','dapibus@luctus.net','P.O. Box 544, 6634 Sagittis Rd.','16540705 2074','2018-08-23 20:32:49',1),
(54,'Silas','Maxwell','Cooper','Guy','mollis.lectus@aliquetProin.ca','Ap #218-4211 Lacus. Ave','16541018 5770','2020-01-13 16:52:51',2),
(55,'Vaughan','Dennis','Saunders','Gay','nec@natoquepenatibuset.net','9909 Est, Avenue','16861201 5266','2020-01-19 09:22:53',1),
(56,'Emmanuel','Eagan','Hampton','Stanley','vel.convallis.in@ultriciesadipiscing.edu','2953 Erat. Av.','16050426 8723','2019-07-17 02:18:52',1),
(57,'Addison','Joel','Mosley','Vinson','libero@imperdietnonvestibulum.edu','Ap #602-1603 Parturient Rd.','16280512 7608','2019-05-07 08:49:42',2),
(58,'Eric','Ferdinand','Schneider','Contreras','Cum@risus.co.uk','Ap #623-7311 Id Rd.','16890730 3690','2018-12-14 15:02:38',1),
(59,'Baker','Brody','Mcgee','Winters','nascetur@Vestibulumante.edu','870-3564 Elementum Avenue','16121213 0130','2020-01-09 23:38:09',2),
(60,'Basil','Kyle','Flores','Dejesus','libero.Donec.consectetuer@velitCraslorem.net','Ap #563-2921 Posuere Road','16800720 0440','2018-02-06 23:56:29',2);


-- Table Cliente
INSERT INTO Cliente([idCliente],[descripcion],[Persona_idPersona]) 
VALUES
(1,'vehicula et, rutrum eu,',1),
(2,'mus. Proin vel nisl.',2),
(3,'ac risus. Morbi metus.',3),
(4,'Mauris vel turpis. Aliquam',4),
(5,'ornare egestas ligula. Nullam',5),
(6,'vulputate dui, nec tempus',6),
(7,'Quisque purus sapien, gravida',7),
(8,'tincidunt congue turpis. In',8),
(9,'Donec fringilla. Donec feugiat',9),
(10,'auctor vitae, aliquet nec,',10);

-- Table AreadeTrabajo
INSERT INTO AreaTrabajo([idAreaTrabajo],[descripcion]) 
VALUES
(1,'pulvinar arcu et pede.'),
(2,'ipsum primis in'),
(3,'luctus et ultrices posuere cubilia'),
(4,'rutrum magna. Cras convallis cpede ac'),
(5,'turpisegestas. Aliquam fringiue neque sed'),
(6,'Nunc mauris. Morbi non sapien .'),
(7,'lorem tristique aliquet.'),
(8,'tortor nibh sit amet orcttis'),
(9,'Luis vo nunc sit a Aliquam erat volutpat.'),
(10,'vitae, posuere at, velirem lorem, luctus');

-- Table Marca
INSERT INTO Marca([idMarca],[descripcion]) 
VALUES
(1,'Volvo'),
(2,'Ford'),
(3,'Honda'),
(4,'Mitsubishi'),
(5,'Hyundai'),
(6,'Toyota'),
(7,'Suzuki'),
(8,'Nissan'),
(9,'Mazda'),
(10,'Kia');

-- Table Modelo
INSERT INTO Modelo([idModelo],[descripcion],[Marca_idMarca]) 
VALUES
(1,'Fiesta',1),
(2,'Everest',2),
(3,'Explorer',3),
(4,'Escape',4),
(5,'EcoSport',5),
(6,'Volvo V40',6),
(7,'Volvo S60',7),
(8,'Volvo S90',8),
(9,'Volvo V60',9),
(10,'Volvo XC40',10),
(11,'Civic',1),
(12,'City',2),
(13,'Fit',3),
(14,'Accor',4),
(15,'CR-V',5),
(16,'Nativa',6),
(17,'L-200',7),
(18,'Outlander',8),
(19,'Montero',9),
(20,'Space Star',10),
(21,'Elantra',1),
(22,'Santa Fe',2),
(23,'i20',3),
(24,'i30',4),
(25,'Tucson',5),
(26,'Corrola',6),
(27,'Prius',7),
(28,'Hilux',8),
(29,'Yaris',9),
(30,'Land Cruiser Prado',10),
(31,'Swift',1),
(32,'Ignis',2),
(33,'Vitara',3),
(34,'Jimny',4),
(35,'S-Cross',5),
(36,'Frontier',6),
(37,'Juke',7),
(38,'Qashqai',8),
(39,'X-Trail',9),
(40,'Pathfinder',10),
(41,'CX-3',1),
(42,'Mazda2',2),
(43,'Mazda3',3),
(44,'BT-50',4),
(45,'CX-5',5),
(46,'Rio',6),
(47,'Picanto',7),
(48,'Sportage',8),
(49,'Sorento',9),
(50,'Soul',10);

-- Table Vehiculos
INSERT INTO Vehiculos([idVehiculos],[Vin],[Color],[Placa],[numeroMotor],[caja_de_cambios],[Modelo_idModelo]) 
VALUES
(1,'1PCH23DF56GHJ3DF34A','Azul','PCH-2345','R134J4768341','Automatico',1),
(2,'1PCH23DF56GHJ3DF34B','Blanco','PCH-2346','R134J4768342','Mecanico',1),
(3,'1PCH23DF56GHJ3DF34C','Rojo','PCH-2347','R134J4768343','Automatico',1),
(4,'1PCH23DF56GHJ3DF34D','Verde Olivo','PCH-2348','R134J4768344','Mecanico',1),
(5,'1PCH23DF56GHJ3DF34E','Negro','PCH-2349','R134J4768345','Mecanico',1),
(6,'1PCH23DF56GHJ3DF34F','Azul','PCH-2350','R134J4768346','Automatico',1),
(7,'1PCH23DF56GHJ3DF34G','Plata','PCH-2351','R134J4768347','Mecanico',1),
(8,'1PCH23DF56GHJ3DF34H','Silver','PCH-2352','R134J4768348','Automatico',1),
(9,'1PCH23DF56GHJ3DF34I','Negro','PCH-2353','R134J4768349','Mecanico',1),
(10,'1PCH23DF56GHJ3DF34J','Rojo','PCH-2354','R134J4768310','Automatico',1);

-- Table Servicios
INSERT INTO Servicios([idServicios],[nombre],[precioCosto],[duracion]) 
VALUES
(1,'Praesent eu dui. Cum',220,'04:18:45'),
(2,'malesuada ut, sem. Nulla',651,'03:59:53'),
(3,'Aliquam adipiscing lobortis risus.',418,'02:58:05'),
(4,'odio tristique pharetra. Quisque',874,'02:13:54'),
(5,'morbi tristique senectus et',486,'22:27:54'),
(6,'Donec egestas. Duis ac',502,'06:35:31'),
(7,'eleifend non, dapibus rutrum,',754,'02:30:54'),
(8,'ac mi eleifend egestas.',245,'16:30:13'),
(9,'non enim. Mauris quis',479,'03:34:59'),
(10,'Etiam laoreet, libero et',802,'02:53:56');

-- Table Cotizacion
INSERT INTO Cotizacion([idCotizacion],[descripcion],[Fecha]) 
VALUES
(1,'parturient montes, nascetur ridiculus','08-04-19'),
(2,'justo faucibus lectus, a','05-01-20'),
(3,'eu, placerat eget, venenatis','08-02-21'),
(4,'Etiam imperdiet dictum magna.','25-02-20'),
(5,'dis parturient montes, nascetur','05-10-20'),
(6,'elit. Curabitur sed tortor.','18-08-20'),
(7,'libero. Morbi accumsan laoreet','17-03-20'),
(8,'Aenean egestas hendrerit neque.','08-10-20'),
(9,'odio. Nam interdum enim','11-10-20'),
(10,'ut, sem. Nulla interdum.','28-02-20');

-- Table ListaMyR
INSERT INTO ListaMyR([idListaMyR],[descripcion]) 
VALUES
(1,'Mauris nulla. Integer urna.'),
(2,'turpis egestas. Aliquam fringilla'),
(3,'a, scelerisque sed, sapien.'),
(4,'Mauris eu turpis. Nulla'),
(5,'ut odio vel est'),
(6,'feugiat. Sed nec metus'),
(7,'Curabitur ut odio vel'),
(8,'tincidunt aliquam arcu. Aliquam'),
(9,'dictum placerat, augue. Sed'),
(10,'ipsum. Suspendisse non leo.');

-- Table EstadoOT
INSERT INTO EstadoOT([idEstadoOT],[descripcion]) 
VALUES
(1,'Creando Orden de Trabajo'),
(2,'Revision del vehiculo'),
(3,'Contratar servicios'),
(4,'Cotizar repuestos'),
(5,'Aprobar cotizacion Cliente'),
(6,'Aprobar cotizacion JefeTaller'),
(7,'Generar lista de materiales'),
(8,'Aprobar lista de materiales'),
(9,'Rebajar productos del inventario'),
(10,'Finalizar mantenimiento'),
(11,'Aprobar control de calidad'),
(12,'Crear lista de sugerencias'),
(13,'Orden de Trabajo finalizada');

-- Table OrdenTrabajo
INSERT INTO OrdenTrabajo([idOrdenTrabajo],[descripcion],[estado_del_vehiculo],[objetosPersonales],[fechaInicio],[fechaFin],[reparacionesEfectuadas],[reparacionesNoEfectuadas],[comentarios],[Cotizacion_idCotizacion],[Cliente_idCLiente],[ListaMyR_idListaMyR],[EstadoOT_idEstadoOT],[Vehiculos_idVehiculos]) 
VALUES
(1,'accumsan convallis, ante lectus','Donec tempor, est ac','Etiam gravida molestie arcu.','10-03-19','17-05-20','vitae sodales nisi magna','sem semper erat, in','semper egestas, urna justo',1,1,1,1,1),
(2,'felis ullamcorper viverra. Maecenas','risus. Donec egestas. Aliquam','magnis dis parturient montes,','18-12-20','03-06-19','sed consequat auctor, nunc','massa. Integer vitae nibh.','Proin non massa non',2,2,2,2,2),
(3,'suscipit, est ac facilisis','eget nisi dictum augue','interdum enim non nisi.','13-06-19','22-03-19','nec ante blandit viverra.','eget ipsum. Suspendisse sagittis.','sem egestas blandit. Nam',3,3,3,3,3),
(4,'sagittis felis. Donec tempor,','Nulla tempor augue ac','pellentesque, tellus sem mollis','26-01-20','21-02-20','at risus. Nunc ac','malesuada id, erat. Etiam','vel lectus. Cum sociis',4,4,4,4,4),
(5,'non, bibendum sed, est.','mollis. Integer tincidunt aliquam','scelerisque mollis. Phasellus libero','23-01-21','01-10-20','eget metus eu erat','pede blandit congue. In','penatibus et magnis dis',5,5,5,5,5),
(6,'amet ultricies sem magna','amet ante. Vivamus non','aliquet odio. Etiam ligula','02-07-19','02-02-21','eros. Nam consequat dolor','varius orci, in consequat','Nunc ac sem ut',6,6,6,6,6),
(7,'luctus et ultrices posuere','felis. Donec tempor, est','quam. Curabitur vel lectus.','27-05-20','06-06-19','interdum ligula eu enim.','habitant morbi tristique senectus','nec quam. Curabitur vel',7,7,7,7,7),
(8,'mi enim, condimentum eget,','justo faucibus lectus, a','elit, pharetra ut, pharetra','13-06-19','19-12-20','penatibus et magnis dis','Sed nec metus facilisis','quam dignissim pharetra. Nam',8,8,8,8,8),
(9,'mi pede, nonummy ut,','nibh. Phasellus nulla. Integer','rhoncus. Donec est. Nunc','18-05-19','05-09-19','porttitor eros nec tellus.','id, ante. Nunc mauris','sed, facilisis vitae, orci.',9,9,9,9,9),
(10,'dictum ultricies ligula. Nullam','vitae, posuere at, velit.','neque pellentesque massa lobortis','27-04-20','22-10-20','lacus. Etiam bibendum fermentum','risus a ultricies adipiscing,','arcu. Vivamus sit amet',10,10,10,10,10);

-- Table TipoContrato
INSERT INTO TipoContrato([idTipoContrato],[descripcion]) 
VALUES
(1,'penatibus et magnis dis parturient'),
(2,'amet nulla. Donec non');

-- Table ContratoPersonal
INSERT INTO ContratoPersonal([idContratoPersonal],[fechaContrato],[Sueldo],[HoraEntrada],[HoraSalida],[TipoContrato_idTipoContrato]) 
VALUES
(1,'29-01-20',16229,'20:14:33','13:16:19',1),
(2,'19-04-19',5735,'06:55:48','08:02:23',2),
(3,'18-01-20',10446,'11:27:13','17:51:23',1),
(4,'29-12-20',15730,'21:25:34','07:21:43',2),
(5,'08-03-19',4361,'12:34:40','17:32:16',1),
(6,'10-07-20',24789,'10:13:58','11:24:33',1),
(7,'19-08-19',7488,'09:03:42','00:43:28',1),
(8,'24-06-19',19434,'08:40:07','05:02:42',2),
(9,'11-02-21',21813,'03:39:55','10:13:36',2),
(10,'27-12-20',6718,'03:34:49','07:17:11',2);

-- Table Horas_extras
INSERT INTO Horas_extras([idHoras_extras],[HoraInicio],[HoraFin],[fecha]) 
VALUES
(1,'20:14:33','13:16:19','05/08/15'),
(2,'06:55:48','08:02:23','16/11/11'),
(3,'11:27:13','17:51:23','01/05/19'),
(4,'21:25:34','07:21:43','08/01/20'),
(5,'12:34:40','17:32:16','17/02/17'),
(6,'10:13:58','11:24:33','22/10/14'),
(7,'09:03:42','00:43:28','19/05/12'),
(8,'08:40:07','05:02:42','21/03/16'),
(9,'03:39:55','10:13:36','08/03/11'),
(10,'03:34:49','07:17:11','02/04/18');

-- Table Historico_HE
INSERT INTO Historico_HE([idHistorico_HE],[AreaTrabajo_idAreaTrabajo],[Horas_extras_idHoras_extras]) 
VALUES
(1,4,3),
(2,10,6),
(3,3,10),
(4,7,2),
(5,4,10),
(6,3,10),
(7,1,8),
(8,3,5),
(9,2,4),
(10,5,4);

-- Table OrdenTrabajo_has_Servicios
INSERT INTO OrdenTrabajo_has_Servicios([OrdenTrabajo_idOrdenTrabajo],[Servicios_idServicios],[servicioEfectuado]) 
VALUES
(1,1,0),
(2,2,0),
(3,3,1),
(4,4,1),
(5,5,1),
(6,6,0),
(7,7,1),
(8,8,1),
(9,9,1),
(10,10,1);

-- Table Descuento
INSERT INTO Descuento([idDescuento],[descripcion],[porcentaje],[fecha_de_validez]) 
VALUES
(1,'Tercera edad',25,'2021-02-17 22:09:24');

-- Table Inventario
INSERT INTO Inventario([idInventario],[descripcion],[cantidad]) 
VALUES
(1,'quam, elementum at, egestas',529),
(2,'malesuada vel, convallis in,',718),
(3,'odio. Phasellus at augue',887),
(4,'blandit at, nisi. Cum',853),
(5,'aliquet. Proin velit. Sed',550),
(6,'vitae, orci. Phasellus dapibus',981),
(7,'in, hendrerit consectetuer, cursus',357),
(8,'conubia nostra, per inceptos',823),
(9,'Suspendisse dui. Fusce diam',484),
(10,'ultrices, mauris ipsum porta',98),
(11,'erat neque non quam.',1),
(12,'lobortis mauris. Suspendisse aliquet',339),
(13,'Praesent luctus. Curabitur egestas',664),
(14,'rhoncus id, mollis nec,',141),
(15,'mollis nec, cursus a,',422),
(16,'dolor. Donec fringilla. Donec',990),
(17,'ipsum primis in faucibus',880),
(18,'at auctor ullamcorper, nisl',170),
(19,'Nullam scelerisque neque sed',159),
(20,'ut eros non enim',670),
(21,'Donec nibh enim, gravida',916),
(22,'In ornare sagittis felis.',251),
(23,'et, rutrum eu, ultrices',364),
(24,'aliquet nec, imperdiet nec,',849),
(25,'fermentum risus, at fringilla',667),
(26,'molestie. Sed id risus',568),
(27,'enim, gravida sit amet,',159),
(28,'massa. Mauris vestibulum, neque',991),
(29,'mauris, rhoncus id, mollis',712),
(30,'dis parturient montes, nascetur',529);

-- Table Producto
INSERT INTO Producto([idProducto],[nombre],[precioVenta],[precioCompra],[FechaIngreso],[FechaVencimiento],[Inventario_idInventario]) 
VALUES
(1,'penatibus et magnis dis',968,469,'02-05-19','20-08-20',1),
(2,'id sapien. Cras dolor',369,19,'18-08-19','19-07-19',2),
(3,'feugiat placerat velit. Quisque',669,862,'26-04-19','04-08-20',3),
(4,'aliquet diam. Sed diam',425,442,'01-05-19','06-06-20',4),
(5,'laoreet ipsum. Curabitur consequat,',217,909,'03-08-20','13-10-19',5),
(6,'commodo at, libero. Morbi',199,248,'03-03-20','05-06-20',6),
(7,'Curabitur sed tortor. Integer',232,405,'26-05-20','26-07-19',7),
(8,'dui lectus rutrum urna,',373,616,'22-08-20','24-12-19',8),
(9,'eu neque pellentesque massa',991,671,'10-09-19','27-06-20',9),
(10,'accumsan sed, facilisis vitae,',281,544,'13-02-20','07-06-19',10),
(11,'magna. Ut tincidunt orci',332,78,'13-02-19','07-01-20',11),
(12,'Quisque libero lacus, varius',571,558,'29-07-20','26-03-20',12),
(13,'placerat, augue. Sed molestie.',329,665,'30-07-20','24-02-20',13),
(14,'rutrum urna, nec luctus',747,898,'04-11-20','10-02-19',14),
(15,'orci. Phasellus dapibus quam',591,406,'23-09-20','09-04-19',15),
(16,'vestibulum, neque sed dictum',78,900,'06-09-20','10-01-20',16),
(17,'ut eros non enim',174,809,'29-05-19','30-07-20',17),
(18,'consequat, lectus sit amet',77,159,'15-08-20','10-11-19',18),
(19,'sit amet metus. Aliquam',693,179,'02-10-20','07-11-19',19),
(20,'nec, euismod in, dolor.',668,593,'10-12-20','13-09-19',20);

-- Table Aspirante
INSERT INTO Aspirante([idAspirante],[descripcion],[Persona_idPersona]) 
VALUES
(1,'condimentum. Donec at ',8),
(2,'vel, mauris. Integer sem',7),
(3,'Cras lorem lorem,',1),
(4,'dolor vitae dolor. Dont',10),
(5,'convallis convallis',9),
(6,'purus mauris a nunc. Is',6),
(7,'nascetur ridiculus muse',5),
(8,'facilisis eget,',2),
(9,'tristique aliquet. Pha',10),
(10,'amet orci. Ut',3);

-- Table Curriculum
INSERT INTO Curriculum([idCurriculum],[descripcion],[Aspirante_idAspirante]) 
VALUES
(1,'non enim commodo hendre',8),
(2,'turpis vitae purus grav',5),
(3,'euismod ac, fermentum v',8),
(4,'eu enim. Etiam imperdie',6),
(5,'Aenean euismod',8),
(6,'lacus,',6),
(7,'aliquet vel, vulputate e',1),
(8,'fringilla ornare placerat',6),
(9,'nisl.',5),
(10,'tortor at risus. Nunc ac',5);

-- Table Cargo
INSERT INTO Cargo([idCargo],[descripcion]) 
VALUES
(1,'Pellentesque habitant morbque'),
(2,'felis. Nulla tempor augue ac'),
(3,'lobortis'),
(4,'Donec dignissim'),
(5,'vitae, posuere at,'),
(6,'non, sollicitudin'),
(7,'dolor. Quisque tincidunt'),
(8,'mi'),
(9,'taciti sociosqu ad'),
(10,'dui, semper et, lacinia ves');

-- Table Permisos
INSERT INTO Permisos([idPermisos],[motivo],[fecha]) 
VALUES
(1,'magna. Phasellus dolor elit,','02/07/15'),
(2,'posuere vulputate, lacus. Cdo','17/08/18'),
(3,'Proin','03/08/15'),
(4,'pede et risus. Quisque libes','23/02/16'),
(5,'convallis dolor. Quisque ti','16/03/11'),
(6,'accumsan','19/06/14'),
(7,'leo. Vivamus nibh dolor, no','15/02/20'),
(8,'at, velit. Pellentesque ult','14/04/19'),
(9,'iaculis quis,','16/09/17'),
(10,'purus. Nullam','09/02/19');

--Vacaciones
INSERT INTO Vacaciones([idVacaciones],[cantidadDias],[FechaInicio],[FechaFin],[FechaRetorno]) 
VALUES
(1,26,'20/05/12','13/02/11','06/02/21'),
(2,25,'07/11/11','28/01/19','21/08/17'),
(3,30,'22/06/14','20/05/11','18/08/11'),
(4,19,'27/05/13','31/05/11','29/03/14'),
(5,23,'11/02/11','27/01/18','04/02/13'),
(6,2,'03/02/21','30/04/15','29/12/17'),
(7,19,'12/01/13','04/12/20','09/02/13'),
(8,21,'24/09/17','01/05/18','21/02/10'),
(9,19,'23/02/20','01/04/18','26/06/16'),
(10,26,'23/08/14','28/08/16','06/08/20');

-- Table Empleado
INSERT INTO Empleado([idEmpleado],[CodigoEmpleado],[descripcion],[JefeInmediato],[Persona_idPersona],[Cargo_idCargo],[AreaTrabajo_idAreaTrabajo]) 
VALUES
(1,'EMP0001','Morbi sit',10,4,1,2),
(2,'EMP0002','dui augue eu tellus. Phasellus',3,7,1,3),
(3,'EMP0003','In ornare sagittis felis.',5,3,7,1),
(4,'EMP0004','Vivamus nisi.',8,6,9,5),
(5,'EMP0005','quam quis',6,1,10,4),
(6,'EMP0006','leo. Cras vehicula aliquet',7,1,7,7),
(7,'EMP0007','nunc sed pede. Cum sociis',3,7,6,1),
(8,'EMP0008','sodales. Mauris blandit enim consequat',7,3,8,10),
(9,'EMP0009','eu nulla at',9,6,10,1),
(10,'EMP0010','orci',9,4,2,9),
(11,'EMP0011','dui lectus rutrum urna,',8,11,1,1),
(12,'EMP0012','arcu eu odio tristique',1,12,2,2),
(13,'EMP0013','parturient montes, nascetur ridiculus',4,13,3,3),
(14,'EMP0014','dui. Fusce diam nunc,',10,14,4,4),
(15,'EMP0015','diam. Pellentesque habitant morbi',6,15,5,5),
(16,'EMP0016','enim. Suspendisse aliquet, sem',3,16,6,6),
(17,'EMP0017','senectus et netus et',4,17,7,7),
(18,'EMP0018','at risus. Nunc ac',6,18,8,8),
(19,'EMP0019','massa non ante bibendum',7,19,9,9),
(20,'EMP0020','lectus ante dictum mi,',9,20,10,10);

-- Table Solicitudes
INSERT INTO Solicitudes([idSolicitudes],[descripcion],[Permisos_idPermisos],[Vacaciones_idVacaciones],[Empleado_idEmpleado])
VALUES
(1,'malesuada malesuada. Integer id magna',3,7,7),
(2,'quis',6,10,5),
(3,'Sed et libero. Proin',7,9,3),
(4,'Fusce dolor quam, elementum',9,8,5),
(5,'ornare, libero',9,1,4),
(6,'turpis egestas. Aliquam',2,8,6),
(7,'mauris sapien, cursus in, hendrerit',10,9,6),
(8,'eleifend, nunc risus',2,1,4),
(9,'lobortis, nisi',6,4,5),
(10,'Nulla tincidunt,',2,8,4);

-- Table Reservacion
INSERT INTO Reservacion([idReservacion],[descripcion],[cita],[Empleado_idEmpleado],[Cliente_idCliente]) 
VALUES
(1,'elit, dictum eu, eleife.','17/10/12',7,5),
(2,'magnis dis parturient m mus.','31/12/12',5,8),
(3,'magna, malesuada vel, cin,','10/01/20',10,9),
(4,'augue. Sed molestie. Ses quis','27/02/10',5,5),
(5,'torquent per conubia no','03/08/12',5,7),
(6,'orci. Ut sagittis lobors.','08/07/10',8,5),
(7,'eget metus eu erat se. Fusce','22/02/16',7,1),
(8,'mattis ornare,','05/09/12',7,4),
(9,'nunc','09/12/16',10,9),
(10,'ridiculus mus.','26/05/11',3,4);

-- Table Herramientas
INSERT INTO Herramientas([idHerramientas],[nombre],[precioCosto],[fechaIngreso],[Inventario_idInventario]) 
VALUES
(1,'diam luctus lobortis. Class',351,'26-04-20',1),
(2,'ornare, facilisis eget, ipsum.',152,'20-03-20',2),
(3,'ut eros non enim',291,'30-05-19',3),
(4,'magna sed dui. Fusce',411,'05-07-19',4),
(5,'lectus. Nullam suscipit, est',23,'08-07-20',5),
(6,'nunc nulla vulputate dui,',343,'22-04-20',6),
(7,'posuere at, velit. Cras',850,'25-02-20',7),
(8,'vestibulum nec, euismod in,',826,'21-01-20',8),
(9,'semper erat, in consectetuer',676,'07-06-19',9),
(10,'Fusce mollis. Duis sit',630,'26-05-20',10);

-- Table Huella
INSERT INTO Huella([idHuella],[descripcion],[HoraEntrada],[HoraSalida],[Fecha],[Empleado_idEmpleado]) 
VALUES
(1,'interdum. Sed auctor','20:14:33','13:16:19','29/08/11',7),
(2,'velit. Cras loremget,','06:55:48','08:02:23','04/01/14',1),
(3,'a, magna.','11:27:13','17:51:23','24/06/18',9),
(4,'dui quis llis est, vitae','21:25:34','07:21:43','24/09/13',1),
(5,'dictum eutis a, magna.','12:34:40','17:32:16','03/04/16',10),
(6,'non','10:13:58','11:24:33','23/11/10',5),
(7,'nisl sem,','09:03:42','00:43:28','26/11/13',3),
(8,'hendrerit a, arcu.','08:40:07','05:02:42','15/07/12',8),
(9,'vitae era blandit congue.','03:39:55','10:13:36','23/02/15',7),
(10,'Nunc mauris elit, dictum end','20:14:33','13:16:19','07/02/20',5);

-- Table Materiales
INSERT INTO Materiales([idMateriales],[descripcion],[Producto_idProducto]) 
VALUES
(1,'Duis cursus, diam at',1),
(2,'Fusce fermentum fermentum arcu.',2),
(3,'Aenean euismod mauris eu',3),
(4,'Proin sed turpis nec',4),
(5,'Sed id risus quis',5),
(6,'vulputate velit eu sem.',6),
(7,'Maecenas iaculis aliquet diam.',7),
(8,'mattis semper, dui lectus',8),
(9,'conubia nostra, per inceptos',9),
(10,'elementum, dui quis accumsan',10);

-- Table FormaPago
INSERT INTO FormaPago([idFormaPago],[descripcion]) 
VALUES
(1,'Efectivo'),
(2,'Tarjeta de credito/debito'),
(3,'Billeteras Digitales');

-- Table Promociones
INSERT INTO Promociones([idPromociones],[descripcion],[fechaInicio],[fechaFin])
VALUES
(1,'Inicio anio','03-01-2020','01-02-2020'),
(2,'Semana Santa','01-04-2020','15-04-2020'),
(3,'Fin anio','15-12-2020','23-12-2020');


-- Table Factura


-- Table Telefono
INSERT INTO Telefono([idTelefono],[numeroTelefono],[Persona_idPersona]) 
VALUES
(1,'16360925 8813',1),
(2,'16630509 2022',2),
(3,'16670706 8109',3),
(4,'16810926 1548',4),
(5,'16270718 4517',5),
(6,'16021022 7864',6),
(7,'16600830 6638',7),
(8,'16920413 2725',8),
(9,'16560207 0731',9),
(10,'16980717 0999',10),
(11,'16470411 4604',11),
(12,'16251209 2863',12),
(13,'16100829 5907',13),
(14,'16231107 5895',14),
(15,'16191101 9915',15),
(16,'16580529 9830',16),
(17,'16621125 9103',17),
(18,'16390715 8996',18),
(19,'16361214 3663',19),
(20,'16910524 4884',20),
(21,'16630218 5175',21),
(22,'16351221 6874',22),
(23,'16990329 5898',23),
(24,'16350817 1729',24),
(25,'16221216 8518',25),
(26,'16330813 4141',26),
(27,'16830610 6140',27),
(28,'16801212 1318',28),
(29,'16640626 7788',29),
(30,'16500528 8799',30),
(31,'16261003 2159',31),
(32,'16631004 3325',32),
(33,'16300523 3741',33),
(34,'16710719 6037',34),
(35,'16401103 1251',35),
(36,'16680602 3997',36),
(37,'16280728 7517',37),
(38,'16120524 6612',38),
(39,'16681020 3130',39),
(40,'16290718 6494',40),
(41,'16040902 6374',41),
(42,'16610607 1332',42),
(43,'16000622 7821',43),
(44,'16110405 2228',44),
(45,'16540419 2469',45),
(46,'16121107 2622',46),
(47,'16030510 2378',47),
(48,'16190622 0064',48),
(49,'16790419 5596',49),
(50,'16350723 0914',50),
(51,'16151225 2824',51),
(52,'16271224 0585',52),
(53,'16210324 0608',53),
(54,'16590303 1168',54),
(55,'16420815 3413',55),
(56,'16341225 1377',56),
(57,'16100630 1038',57),
(58,'16140206 7548',58),
(59,'16210910 4253',59),
(60,'16751004 6480',60);

-- Table VinculoCyV
INSERT INTO VinculoCyV([Cliente_idCliente],[Vehiculos_idVehiculos],[idVinculoCyV]) 
VALUES
(8,1,1),
(3,2,2),
(7,3,3),
(3,4,4),
(4,5,5),
(1,6,6),
(5,7,7),
(4,8,8),
(3,9,9),
(6,10,10);

-- Table Inventario_has_ListaMyR
INSERT INTO Inventario_has_Lista_MyR([idInventario_has_Lista_MyR],[ListaMyR_idListaMyR],[Producto_idProducto],[Rebajados_del_Inventario]) 
VALUES
(1,1,1,1),
(2,2,2,0),
(3,3,3,0),
(4,4,4,0),
(5,5,5,1),
(6,6,6,1),
(7,7,7,1),
(8,8,8,1),
(9,9,9,0),
(10,10,10,1);

-- Table Recambios
INSERT INTO Recambios([idRecambios],[descripcion],[Producto_idProducto]) 
VALUES
(1,'Donec tempus, lorem fringilla',1),
(2,'ante ipsum primis in',2),
(3,'quis diam luctus lobortis.',3),
(4,'Sed et libero. Proin',4),
(5,'tortor. Nunc commodo auctor',5),
(6,'eu tempor erat neque',6),
(7,'enim commodo hendrerit. Donec',7),
(8,'aliquet, sem ut cursus',8),
(9,'elementum, dui quis accumsan',9),
(10,'turpis vitae purus gravida',10);

-- Table EntrevistaTrabajo
INSERT INTO EntrevistaTrabajo([idEntrevistaTrabajo],[fechaHora],[Curriculum_idCurriculum]) 
VALUES
(1,'21/01/2014',6),
(2,'21/12/2019',3),
(3,'17/01/2011',6),
(4,'15/06/2018',7),
(5,'19/07/2011',5),
(6,'31/10/2012',1),
(7,'13/06/2019',10),
(8,'04/07/2016',9),
(9,'16/06/2020',2),
(10,'28/08/2017',8);

-- Table Historico_Contratos
INSERT INTO Historico_Contratos([idHistorico_Contratos],[ContratoPersonal_idContratoPersonal],[Empleado_idEmpleado]) 
VALUES
(1,5,7),
(2,3,6),
(3,7,5),
(4,5,5),
(5,7,5),
(6,8,9),
(7,6,1),
(8,3,4),
(9,4,9),
(10,10,3);

-- Table RolPago
INSERT INTO RolPago([idRolPago],[Sueldo],[Fecha],[Deducciones],[CantidadHT],[CantidadHE],[PagoHT],[PagoHE],[Comisiones],[Cargo],[Empleado_idEmpleado]) 
VALUES
(1,9555,'21/08/13',483,10,4,13869,666,3695,'dolor vitae',4),
(2,7894,'14/03/19',199,12,4,6095,1436,2076,'turpis egestas. Aliquam fringilla',4),
(3,14292,'15/05/16',229,12,2,5749,673,3703,'vel sapien',10),
(4,11449,'10/05/13',456,11,1,14303,889,4960,'tempor, est',3),
(5,8120,'09/06/18',317,12,1,7187,1488,1512,'lectus sit',3),
(6,13569,'03/03/17',191,11,2,9484,1456,1149,'magna tellus',9),
(7,10917,'23/06/18',377,12,4,14109,1878,3873,'Duis risus',2),
(8,5962,'06/04/16',361,10,1,5580,1277,3952,'mollis.',4),
(9,12844,'12/08/11',268,11,4,5915,1984,1648,'vestibulum lorem, sit amet',2),
(10,13930,'14/03/14',223,12,2,13398,554,2823,'sed sem egestas',10);

-- Table Cotizacion_has_Producto
INSERT INTO Cotizacion_has_Producto([idCotizacion_has_Producto],[Cotizacion_idCotizacion],[Producto_idProducto],[Aprovados]) 
VALUES
(1,1,1,0),
(2,2,2,0),
(3,3,3,1),
(4,4,4,1),
(5,5,5,0),
(6,6,6,0),
(7,7,7,0),
(8,8,8,1),
(9,9,9,0),
(10,10,10,1);

-- Table Estado_Usuario
INSERT INTO Estado_Usuario([idEstado_Usuario],[descripcion]) 
VALUES
(1,'Habilitado'),
(2,'Deshabilitado');

-- Table Usuarios
INSERT INTO Usuarios([idUsuario],[nombreUsuario],[contrasenia],[Empleado_idEmpleado],[Estado_Usuario_idEstado_Usuario]) 
VALUES
(1,'Murphy','FSJ44MIN4FJ',1,1),
(2,'Carson','FDN61QJI7UM',2,2),
(3,'Plato','BHE81RRR3RE',3,2),
(4,'Marvin','MYC35PEB8EV',4,1),
(5,'Avram','QFQ39QGO6SF',5,1),
(6,'Oliver','ODY47FJL1DH',6,2),
(7,'Odysseus','RKL51XQZ5XF',7,2),
(8,'Joshua','OHM31QHV2MV',8,1),
(9,'Sylvester','QWH00KBU3XE',9,1),
(10,'Reece','IKH08NXO5AA',10,2),
(11,'Hu','PQU24OYM5OU',11,1),
(12,'Denton','NAG63DHW6XI',12,1),
(13,'Emerson','QMF57AGC8LI',13,1),
(14,'Rajah','JED04HBG6GS',14,1),
(15,'Ferris','FCU55FMI1MJ',15,2),
(16,'Elliott','GBB29FUO7LZ',16,1),
(17,'Logan','HLV64AZT9VC',17,1),
(18,'Prescott','TEN88XYH0ZN',18,1),
(19,'Nissim','GKR57UFE1NF',19,1),
(20,'Zachary','NQI46GIZ7XV',20,2);

-- Table Accion


-- Table Registro_de_Actividad

